station_name,latitude,longitude,tripCount_start2020,tripCount_end2020,tripCount_2020_diff,geometry
1 Ave & E 110 St,40.7923272,-73.9383,2161,2177,-16,POINT (-73.9383 40.7923272)
1 Ave & E 16 St,40.73221853,-73.98165557,7685,7546,139,POINT (-73.98165557 40.73221853)
1 Ave & E 18 St,40.73381219196632,-73.98054420948029,7611,7503,108,POINT (-73.98054420948029 40.73381219196632)
1 Ave & E 30 St,40.74144387,-73.97536082,4818,4840,-22,POINT (-73.97536082 40.74144387)
1 Ave & E 39 St,40.74714,-73.97113,6349,6374,-25,POINT (-73.97113 40.74714)
1 Ave & E 44 St,40.75001986,-73.96905301,2762,2779,-17,POINT (-73.96905301 40.75001986)
1 Ave & E 5 St,40.725864,-73.986389,5239,5233,6,POINT (-73.986389 40.725864)
1 Ave & E 62 St,40.7612274,-73.96094022,7389,7433,-44,POINT (-73.96094022 40.7612274)
1 Ave & E 68 St,40.76500525,-73.95818491,12816,12689,127,POINT (-73.95818491 40.76500525)
1 Ave & E 78 St,40.77140426,-73.9535166,7465,7465,0,POINT (-73.9535166 40.77140426)
1 Ave & E 94 St,40.7817212,-73.94594,2838,2858,-20,POINT (-73.94594 40.7817212)
1 Pl & Clinton St,40.6809591,-73.99905709,1206,1212,-6,POINT (-73.99905709 40.6809591)
10 Ave & W 28 St,40.75066386,-74.00176802,5652,5643,9,POINT (-74.00176802 40.75066386)
10 St & 2 Ave,40.671907,-73.993612,413,412,1,POINT (-73.993612 40.671907)
10 St & 5 Ave,40.6686273,-73.98700053,903,909,-6,POINT (-73.98700053 40.6686273)
10 St & 7 Ave,40.6662078,-73.98199886,1270,1269,1,POINT (-73.98199886 40.6662078)
11 Ave & W 27 St,40.751396,-74.005226,5471,5467,4,POINT (-74.005226 40.751396)
11 Ave & W 41 St,40.76030096,-73.99884222,7773,7765,8,POINT (-73.99884222 40.76030096)
11 Ave & W 59 St,40.77149671054441,-73.99046033620834,5751,5854,-103,POINT (-73.99046033620834 40.77149671054441)
11 St & 35 Ave,40.7627442,-73.9391141,206,198,8,POINT (-73.9391141 40.7627442)
11 St & 43 Ave,40.7519071,-73.9479119,581,583,-2,POINT (-73.9479119 40.7519071)
12 Ave & W 125 St,40.818299,-73.960405,3841,3895,-54,POINT (-73.960405 40.818299)
12 Ave & W 40 St,40.76087502,-74.00277668,12869,12922,-53,POINT (-74.00277668 40.76087502)
12 St & 4 Ave,40.668603,-73.9904394,12,35,-23,POINT (-73.9904394 40.668603)
14 St & 5 Ave,40.666287,-73.98895053,1768,1776,-8,POINT (-73.98895053 40.666287)
14 St & 7 Ave,40.663779,-73.98396846,1457,1476,-19,POINT (-73.98396846 40.663779)
19 St & 24 Ave,40.7774552,-73.9225403,1194,1188,6,POINT (-73.9225403 40.7774552)
2 Ave & 36 St,40.65708866668485,-74.00870203971863,1345,1486,-141,POINT (-74.00870203971863 40.65708866668485)
2 Ave & E 104 St,40.7892105,-73.94370784,1939,1963,-24,POINT (-73.94370784 40.7892105)
2 Ave & E 122 St,40.8006721,-73.9349,965,987,-22,POINT (-73.9349 40.8006721)
2 Ave & E 125 St,40.802554,-73.933509,1142,1154,-12,POINT (-73.933509 40.802554)
2 Ave & E 31 St,40.74290902,-73.97706058,7327,7349,-22,POINT (-73.97706058 40.74290902)
2 Ave & E 72 St,40.7687620293096,-73.95840793848038,5828,5876,-48,POINT (-73.95840793848038 40.7687620293096)
2 Ave & E 96 St,40.7839636,-73.9471673,3835,3827,8,POINT (-73.9471673 40.7839636)
2 Ave & E 99 St,40.7862586,-73.94552579,1626,1646,-20,POINT (-73.94552579 40.7862586)
21 St & 31 Dr,40.7659,-73.930819,1140,1126,14,POINT (-73.930819 40.7659)
21 St & 36 Ave,40.7601853,-73.9362726,626,630,-4,POINT (-73.9362726 40.7601853)
21 St & 38 Ave,40.7576314,-73.9391224,225,214,11,POINT (-73.9391224 40.7576314)
21 St & 43 Ave,40.75052534,-73.94594845,463,469,-6,POINT (-73.94594845 40.75052534)
21 St & Hoyt Ave S,40.774645,-73.923706,1430,1452,-22,POINT (-73.923706 40.774645)
21 St & Queens Plaza North,40.75325964,-73.94335788,988,1005,-17,POINT (-73.94335788 40.75325964)
23 Ave & 27 St,40.776165,-73.9153175,487,490,-3,POINT (-73.9153175 40.776165)
24 Ave & 26 St,40.774591,-73.918544,664,673,-9,POINT (-73.918544 40.774591)
24 Ave & 29 St,40.7729,-73.916142,565,563,2,POINT (-73.916142 40.7729)
24 St & 41 Ave,40.752474,-73.939991,835,840,-5,POINT (-73.939991 40.752474)
27 Ave & 3 St,40.77485,-73.9342,399,399,0,POINT (-73.9342 40.77485)
27 Ave & 9 St,40.7739825,-73.9309134,711,710,1,POINT (-73.9309134 40.7739825)
27 St & Hunter St,40.7485,-73.941275,1798,1758,40,POINT (-73.941275 40.7485)
28 Ave & 35 St,40.7671,-73.9169858,1403,1405,-2,POINT (-73.9169858 40.7671)
28 Ave & 44 St,40.76408932350688,-73.91065120697021,505,513,-8,POINT (-73.91065120697021 40.76408932350688)
28 St & 36 Ave,40.757186,-73.932719,716,716,0,POINT (-73.932719 40.757186)
28 St & 41 Ave,40.751047,-73.93797,1457,1464,-7,POINT (-73.93797 40.751047)
3 Ave & 14 St,40.6685455,-73.99333264,875,908,-33,POINT (-73.99333264 40.6685455)
3 Ave & Carroll St,40.677027,-73.9865,580,625,-45,POINT (-73.9865 40.677027)
3 Ave & E 100 St,40.7877214,-73.94728331,872,907,-35,POINT (-73.94728331 40.7877214)
3 Ave & E 112 St,40.795508,-73.941606,1209,1215,-6,POINT (-73.941606 40.795508)
3 Ave & E 163 St,40.823872,-73.908699,19,44,-25,POINT (-73.908699 40.823872)
3 Ave & E 169 St,40.832678,-73.905158,159,169,-10,POINT (-73.905158 40.832678)
3 Ave & E 170 St,40.834857,-73.903743,59,71,-12,POINT (-73.903743 40.834857)
3 Ave & E 172 St,40.839586,-73.900277,2,6,-4,POINT (-73.900277 40.839586)
3 Ave & E 174 St,40.84224,-73.8985,5,5,0,POINT (-73.8985 40.84224)
3 Ave & E 62 St,40.76312584,-73.96526895,2941,2855,86,POINT (-73.96526895 40.76312584)
3 Ave & E 71 St,40.76873687,-73.96119945,1859,1791,68,POINT (-73.96119945 40.76873687)
3 Ave & E 72 St,40.7699426,-73.96060712,2137,2144,-7,POINT (-73.96060712 40.7699426)
3 Ave & Franklin Ave,40.82696,-73.907451,94,98,-4,POINT (-73.907451 40.82696)
3 Ave & Schermerhorn St,40.68683208,-73.9796772,2361,2364,-3,POINT (-73.9796772 40.68683208)
3 St & 3 Ave,40.6750705,-73.98775226,1096,1162,-66,POINT (-73.98775226 40.6750705)
3 St & 7 Ave,40.6703837,-73.97839676,1760,1754,6,POINT (-73.97839676 40.6703837)
3 St & Hoyt St,40.6777287,-73.99364123,544,601,-57,POINT (-73.99364123 40.6777287)
3 St & Prospect Park West,40.668132,-73.97363831,3251,3227,24,POINT (-73.97363831 40.668132)
30 Ave & 21 St,40.7703743,-73.9286078,609,610,-1,POINT (-73.9286078 40.7703743)
31 Ave & 14 St,40.7682,-73.9322662,646,646,0,POINT (-73.9322662 40.7682)
31 Ave & 30 St,40.7647,-73.9240312,1296,1297,-1,POINT (-73.9240312 40.7647)
31 Ave & 34 St,40.763154,-73.920827,1954,1947,7,POINT (-73.920827 40.763154)
31 Ave & Crescent St,40.7658346,-73.9265474,1027,1036,-9,POINT (-73.9265474 40.7658346)
31 Ave & Steinway St,40.7611488,-73.9170071,1614,1625,-11,POINT (-73.9170071 40.7611488)
31 St & 23 Ave,40.7747878,-73.9125551,1868,1883,-15,POINT (-73.9125551 40.7747878)
31 St & Astoria Blvd,40.7699176,-73.9184057,883,878,5,POINT (-73.9184057 40.7699176)
31 St & Broadway,40.761584,-73.925921,1962,1978,-16,POINT (-73.925921 40.761584)
31 St & Hoyt Ave N,40.7711528,-73.9170074,655,646,9,POINT (-73.9170074 40.7711528)
31 St & Newtown Ave,40.7675487799971,-73.9209334552288,2171,2158,13,POINT (-73.9209334552288 40.7675487799971)
31 St & Northern Blvd,40.75186951421875,-73.93349289894103,597,600,-3,POINT (-73.93349289894103 40.75186951421875)
31 St & Thomson Ave,40.74469738,-73.93540375,701,722,-21,POINT (-73.93540375 40.74469738)
34 Ave & 13 St,40.7638753,-73.9364848,447,439,8,POINT (-73.9364848 40.7638753)
34 Ave & 21 St,40.7628138,-73.9342862,494,494,0,POINT (-73.9342862 40.7628138)
34 Ave & 38 St,40.756913,-73.921631,1597,1597,0,POINT (-73.921631 40.756913)
34 St & 35 Ave,40.7569332,-73.9262231,878,894,-16,POINT (-73.9262231 40.7569332)
35 Ave & 10 St,40.76315481910373,-73.93985509872437,487,483,4,POINT (-73.93985509872437 40.76315481910373)
35 Ave & 37 St,40.7557327,-73.9236611,863,860,3,POINT (-73.9236611 40.7557327)
35 St & 34 Ave,40.7580583,-73.9242751,865,879,-14,POINT (-73.9242751 40.7580583)
35 St & Broadway,40.760339,-73.9222427,1161,1160,1,POINT (-73.9222427 40.760339)
36 Ave & 10 St,40.7614376,-73.9411265,779,774,5,POINT (-73.9411265 40.7614376)
36 Ave & 31 St,40.75651272984955,-73.92957486212252,1403,1411,-8,POINT (-73.92957486212252 40.75651272984955)
37 Ave & 35 St,40.7531106,-73.9279917,759,742,17,POINT (-73.9279917 40.7531106)
37 St & 24 Ave,40.7701477,-73.9120938,728,732,-4,POINT (-73.9120938 40.7701477)
38 Ave & 29 St,40.75473,-73.93367,971,978,-7,POINT (-73.93367 40.75473)
39 St & 2 Ave,40.65539977447831,-74.01062786579132,625,646,-21,POINT (-74.01062786579132 40.65539977447831)
4 Ave & 9 St,40.6705135,-73.98876585,1286,1425,-139,POINT (-73.98876585 40.6705135)
4 Ave & E 12 St,40.732647,-73.99011,4445,4484,-39,POINT (-73.99011 40.732647)
40 Ave & 9 St,40.75742,-73.945133,570,581,-11,POINT (-73.945133 40.75742)
40 Ave & Crescent St,40.7535992020056,-73.93795609474182,495,502,-7,POINT (-73.93795609474182 40.7535992020056)
43 St & Broadway,40.7577284,-73.9166368,1729,1726,3,POINT (-73.9166368 40.7577284)
44 Dr & 21 St,40.748,-73.9460927,1408,1434,-26,POINT (-73.9460927 40.748)
44 Dr & Jackson Ave,40.74718234,-73.9432635,2064,2063,1,POINT (-73.9432635 40.74718234)
45 Rd & 11 St,40.74708586,-73.94977234,1943,1951,-8,POINT (-73.94977234 40.74708586)
46 Ave & 5 St,40.74731,-73.95451,2980,3003,-23,POINT (-73.95451 40.74731)
47 Ave & 31 St,40.743,-73.93561,769,771,-2,POINT (-73.93561 40.743)
47 Ave & Skillman Ave,40.7437524099784,-73.94176483154297,168,174,-6,POINT (-73.94176483154297 40.7437524099784)
48 Ave & 30 Pl,40.74128309355993,-73.93725872039794,361,358,3,POINT (-73.93725872039794 40.74128309355993)
48 Ave & 5 St,40.74436328706688,-73.9558732509613,1027,1038,-11,POINT (-73.9558732509613 40.74436328706688)
49 Ave & 21 St,40.74252,-73.948852,353,360,-7,POINT (-73.948852 40.74252)
5 Av & W 139 St,40.815484,-73.935856,1441,1447,-6,POINT (-73.935856 40.815484)
5 Ave & 3 St,40.6728155,-73.98352355,2226,2245,-19,POINT (-73.98352355 40.6728155)
5 Ave & E 103 St,40.7922553,-73.95249933,3394,3411,-17,POINT (-73.95249933 40.7922553)
5 Ave & E 126 St,40.80698,-73.941747,1458,1466,-8,POINT (-73.941747 40.80698)
5 Ave & E 135 St,40.812191,-73.937838,720,722,-2,POINT (-73.937838 40.812191)
5 Ave & E 29 St,40.7451677,-73.98683077,5348,5206,142,POINT (-73.98683077 40.7451677)
5 Ave & E 63 St,40.766368,-73.971518,3572,3438,134,POINT (-73.971518 40.766368)
5 Ave & E 73 St,40.77282817,-73.96685276,8578,8589,-11,POINT (-73.96685276 40.77282817)
5 Ave & E 78 St,40.77632142182271,-73.96427392959595,4421,4101,320,POINT (-73.96427392959595 40.77632142182271)
5 Ave & E 88 St,40.78307,-73.95939,6193,6203,-10,POINT (-73.95939 40.78307)
5 Ave & E 93 St,40.7857851,-73.957481,2526,2462,64,POINT (-73.957481 40.7857851)
5 Ave & W 131 St,40.81014,-73.93973,835,846,-11,POINT (-73.93973 40.81014)
5 St & 51 Ave,40.7423737,-73.9566,497,500,-3,POINT (-73.9566 40.7423737)
5 St & 6 Ave,40.6704836,-73.98208968,777,777,0,POINT (-73.98208968 40.6704836)
6 Ave & 12 St,40.6663181,-73.9854617,1174,1173,1,POINT (-73.9854617 40.6663181)
6 Ave & 9 St,40.668127,-73.98377641,1013,1032,-19,POINT (-73.98377641 40.668127)
6 Ave & Broome St,40.724308321602166,-74.00473035871983,5103,5291,-188,POINT (-74.00473035871983 40.724308321602166)
6 Ave & Canal St,40.72243797,-74.00566443,2646,2922,-276,POINT (-74.00566443 40.72243797)
6 Ave & W 33 St,40.74901271,-73.98848395,8432,8524,-92,POINT (-73.98848395 40.74901271)
6 Ave & W 34 St,40.74964,-73.98805,7501,6625,876,POINT (-73.98805 40.74964)
6 St & 7 Ave,40.6686627,-73.97988067,1450,1456,-6,POINT (-73.97988067 40.6686627)
7 Ave & Central Park South,40.7667405590595,-73.9790689945221,6700,6605,95,POINT (-73.9790689945221 40.7667405590595)
7 Ave & Park Pl,40.6776147,-73.97324283,2170,2183,-13,POINT (-73.97324283 40.6776147)
7 St & 3 Ave,40.67260298150126,-73.98983001708984,585,612,-27,POINT (-73.98983001708984 40.67260298150126)
7 St & 5 Ave,40.6704922,-73.98541675,881,902,-21,POINT (-73.98541675 40.6704922)
8 Ave & W 31 St,40.7505853470215,-73.9946848154068,6258,6699,-441,POINT (-73.9946848154068 40.7505853470215)
8 Ave & W 33 St,40.751551,-73.993934,7721,7101,620,POINT (-73.993934 40.751551)
8 Ave & W 38 St,40.75461,-73.99177,7364,7397,-33,POINT (-73.99177 40.75461)
8 Ave & W 52 St,40.76370739,-73.9851615,6832,6875,-43,POINT (-73.9851615 40.76370739)
9 Ave & W 18 St,40.74317449,-74.00366443,3883,4256,-373,POINT (-74.00366443 40.74317449)
9 Ave & W 22 St,40.7454973,-74.00197139,8585,8640,-55,POINT (-74.00197139 40.7454973)
9 Ave & W 28 St,40.74937024193277,-73.99923384189606,4925,4944,-19,POINT (-73.99923384189606 40.74937024193277)
9 Ave & W 45 St,40.76019252,-73.9912551,6214,6246,-32,POINT (-73.9912551 40.76019252)
Adam Clayton Powell Blvd & W 115 St,40.802535,-73.9532423,1187,1188,-1,POINT (-73.9532423 40.802535)
Adam Clayton Powell Blvd & W 118 St,40.804372,-73.951475,1450,1453,-3,POINT (-73.951475 40.804372)
Adam Clayton Powell Blvd & W 123 St,40.8078316,-73.949373,1449,1445,4,POINT (-73.949373 40.8078316)
Adam Clayton Powell Blvd & W 126 St,40.80949534777948,-73.94776493310928,2433,2468,-35,POINT (-73.94776493310928 40.80949534777948)
Adam Clayton Powell Blvd & W 130 St,40.812346,-73.946168,601,610,-9,POINT (-73.946168 40.812346)
Adam Clayton Powell Blvd & W 132 St,40.813539,-73.94521,1193,1205,-12,POINT (-73.94521 40.813539)
Adam Clayton Powell Blvd & W 138 St,40.81695971032464,-73.9422959089279,1911,1917,-6,POINT (-73.9422959089279 40.81695971032464)
Adam Clayton Powell Blvd & W 141 St,40.819241,-73.941057,1127,1076,51,POINT (-73.941057 40.819241)
Adam Clayton Powell Blvd & W 151 St,40.825289,-73.936232,370,377,-7,POINT (-73.936232 40.825289)
Adelphi St & Myrtle Ave,40.69308257,-73.97178913,1616,1623,-7,POINT (-73.97178913 40.69308257)
Albany Ave & Fulton St,40.6800105,-73.938475,616,616,0,POINT (-73.938475 40.6800105)
Alexander Ave & E 134 St,40.807466,-73.927107,377,367,10,POINT (-73.927107 40.807466)
Allen St & Hester St,40.71605866,-73.99190759,5648,5723,-75,POINT (-73.99190759 40.71605866)
Allen St & Rivington St,40.72019576,-73.98997825,5785,6012,-227,POINT (-73.98997825 40.72019576)
Allen St & Stanton St,40.722055,-73.989111,6064,6115,-51,POINT (-73.989111 40.722055)
Amsterdam Ave & W 119 St,40.8086249,-73.9596214,940,885,55,POINT (-73.9596214 40.8086249)
Amsterdam Ave & W 125 St,40.813358,-73.956461,1443,1434,9,POINT (-73.956461 40.813358)
Amsterdam Ave & W 131 St,40.816355,-73.954295,418,420,-2,POINT (-73.954295 40.816355)
Amsterdam Ave & W 136 St,40.819746,-73.951819,586,497,89,POINT (-73.951819 40.819746)
Amsterdam Ave & W 152 St,40.829523,-73.944279,416,399,17,POINT (-73.944279 40.829523)
Amsterdam Ave & W 156 St,40.832081,-73.942386,402,402,0,POINT (-73.942386 40.832081)
Amsterdam Ave & W 162 St,40.83618,-73.939789,513,388,125,POINT (-73.939789 40.83618)
Amsterdam Ave & W 167 St,40.839443,-73.937044,355,339,16,POINT (-73.937044 40.839443)
Amsterdam Ave & W 172 St,40.842173,-73.935111,380,358,22,POINT (-73.935111 40.842173)
Amsterdam Ave & W 175 St,40.844044,-73.933651,305,279,26,POINT (-73.933651 40.844044)
Amsterdam Ave & W 180 St,40.847396,-73.931205,266,255,11,POINT (-73.931205 40.847396)
Amsterdam Ave & W 183 St,40.84925,-73.93022,555,524,31,POINT (-73.93022 40.84925)
Amsterdam Ave & W 66 St,40.7746671,-73.98470567,1742,1759,-17,POINT (-73.98470567 40.7746671)
Amsterdam Ave & W 73 St,40.77966809007312,-73.98093044757842,6563,6573,-10,POINT (-73.98093044757842 40.77966809007312)
Amsterdam Ave & W 82 St,40.78524672,-73.97667321,4542,4518,24,POINT (-73.97667321 40.78524672)
Anderson Ave & W 164 St,40.832057,-73.927421,16,19,-3,POINT (-73.927421 40.832057)
Astoria Park S & Shore Blvd,40.7767,-73.927631,2343,2352,-9,POINT (-73.927631 40.7767)
Atlantic Ave & Fort Greene Pl,40.68382604,-73.97632328,2029,2034,-5,POINT (-73.97632328 40.68382604)
Atlantic Ave & Furman St,40.69165183,-73.9999786,4147,4275,-128,POINT (-73.9999786 40.69165183)
Audobon Ave & W 179 St,40.847305,-73.933291,233,221,12,POINT (-73.933291 40.847305)
Avenue C & E 18 St,40.730563,-73.973984,3122,3039,83,POINT (-73.973984 40.730563)
Avenue D & E 10 St,40.72506551015475,-73.97515833377838,2376,2350,26,POINT (-73.97515833377838 40.72506551015475)
Avenue D & E 3 St,40.72082834,-73.97793172,2873,2890,-17,POINT (-73.97793172 40.72082834)
Avenue D & E 8 St,40.72387,-73.975767,1981,2002,-21,POINT (-73.975767 40.72387)
Baltic St & 5 Ave,40.6795766,-73.97854971,1942,1985,-43,POINT (-73.97854971 40.6795766)
Bank St & Hudson St,40.73652889,-74.00618026,4767,4765,2,POINT (-74.00618026 40.73652889)
Bank St & Washington St,40.7361967,-74.00859207,4516,4545,-29,POINT (-74.00859207 40.7361967)
Banker St & Meserole Ave,40.72606,-73.95621,1247,1258,-11,POINT (-73.95621 40.72606)
Barclay St & Church St,40.71291224,-74.01020234,2376,2380,-4,POINT (-74.01020234 40.71291224)
Barrow St & Hudson St,40.73172428,-74.00674436,5911,5967,-56,POINT (-74.00674436 40.73172428)
Bayard St & Baxter St,40.71602118,-73.99974372,4395,4854,-459,POINT (-73.99974372 40.71602118)
Bayard St & Leonard St,40.71915571696044,-73.94885390996933,1470,1483,-13,POINT (-73.94885390996933 40.71915571696044)
Beaver St & Fayette St,40.70099,-73.93921,1173,1176,-3,POINT (-73.93921 40.70099)
Beck St & Leggett Ave,40.815077,-73.899939,57,59,-2,POINT (-73.899939 40.815077)
Bedford Ave & Bergen St,40.676368,-73.952918,2450,2479,-29,POINT (-73.952918 40.676368)
Bedford Ave & Montgomery St,40.665816,-73.956934,845,852,-7,POINT (-73.956934 40.665816)
Bedford Ave & Nassau Ave,40.72311651,-73.95212324,3804,4176,-372,POINT (-73.95212324 40.72311651)
Bedford Ave & S 9 St,40.70853074,-73.96408963,1392,1379,13,POINT (-73.96408963 40.70853074)
Bergen Ave & E 152 St,40.817166,-73.914737,163,167,-4,POINT (-73.914737 40.817166)
Bergen St & Flatbush Ave,40.680944723477296,-73.97567331790923,2065,2065,0,POINT (-73.97567331790923 40.680944723477296)
Bergen St & Smith St,40.6867443,-73.99063168,3397,3586,-189,POINT (-73.99063168 40.6867443)
Bergen St & Vanderbilt Ave,40.6794388,-73.9680438,2560,2558,2,POINT (-73.9680438 40.6794388)
Berkeley Pl & 6 Ave,40.6765304,-73.97846879,1375,1383,-8,POINT (-73.97846879 40.6765304)
Berkeley Pl & 7 Ave,40.675146838709786,-73.97523209452629,37,49,-12,POINT (-73.97523209452629 40.675146838709786)
Berry St & N 8 St,40.7190095,-73.95852515,3625,3619,6,POINT (-73.95852515 40.7190095)
Bialystoker Pl & Delancey St,40.71622644,-73.98261206,2053,1976,77,POINT (-73.98261206 40.71622644)
Boerum St & Broadway,40.70538077,-73.94976519,1249,1257,-8,POINT (-73.94976519 40.70538077)
Bond St & Bergen St,40.6849668,-73.98620772,1275,1350,-75,POINT (-73.98620772 40.6849668)
Bond St & Fulton St,40.68962188790333,-73.98304268717766,2818,2881,-63,POINT (-73.98304268717766 40.68962188790333)
Bradhurst Ave & W 148 St,40.825125,-73.941616,1320,1335,-15,POINT (-73.941616 40.825125)
Broad St & Bridge St,40.70365182,-74.01167797,1774,1758,16,POINT (-74.01167797 40.70365182)
Broadway & 12 St,40.7668,-73.9347774,771,765,6,POINT (-73.9347774 40.7668)
Broadway & Battery Pl,40.70463334,-74.01361706,4509,4644,-135,POINT (-74.01361706 40.70463334)
Broadway & Berry St,40.71044554,-73.96525063,167,187,-20,POINT (-73.96525063 40.71044554)
Broadway & E 14 St,40.73454567,-73.99074142,8838,8741,97,POINT (-73.99074142 40.73454567)
Broadway & E 22 St,40.7403432,-73.98955109,9365,9383,-18,POINT (-73.98955109 40.7403432)
Broadway & Furman Ave,40.68139,-73.90756,187,192,-5,POINT (-73.90756 40.68139)
Broadway & Hancock St,40.68663,-73.9168,758,765,-7,POINT (-73.9168 40.68663)
Broadway & Kosciuszko St,40.69329,-73.92852,934,927,7,POINT (-73.92852 40.69329)
Broadway & Madison St,40.68822,-73.91966,1122,1123,-1,POINT (-73.91966 40.68822)
Broadway & Moylan Pl,40.8143256,-73.9590255,1299,1304,-5,POINT (-73.9590255 40.8143256)
Broadway & Roebling St,40.70924826276157,-73.96063148975372,1943,1933,10,POINT (-73.96063148975372 40.70924826276157)
Broadway & W 122 St,40.8120562,-73.9612547,906,918,-12,POINT (-73.9612547 40.8120562)
Broadway & W 131 St,40.817555,-73.957163,653,654,-1,POINT (-73.957163 40.817555)
Broadway & W 133 St,40.8190344,-73.956156,722,725,-3,POINT (-73.956156 40.8190344)
Broadway & W 153 St,40.831327,-73.946665,580,557,23,POINT (-73.946665 40.831327)
Broadway & W 155 St,40.83299,-73.94592,274,254,20,POINT (-73.94592 40.83299)
Broadway & W 160 St,40.835775,-73.9434,1251,1197,54,POINT (-73.9434 40.835775)
Broadway & W 165 St,40.839137,-73.941409,703,519,184,POINT (-73.941409 40.839137)
Broadway & W 25 St,40.74286877312112,-73.98918628692627,8695,8599,96,POINT (-73.98918628692627 40.74286877312112)
Broadway & W 29 St,40.7462009,-73.98855723,5474,5487,-13,POINT (-73.98855723 40.7462009)
Broadway & W 36 St,40.75097711,-73.98765428,3055,3044,11,POINT (-73.98765428 40.75097711)
Broadway & W 37 St,40.75172632,-73.98753523,2732,2504,228,POINT (-73.98753523 40.75172632)
Broadway & W 38 St,40.75299641,-73.98721619,3308,3282,26,POINT (-73.98721619 40.75299641)
Broadway & W 41 St,40.75513557,-73.98658032,5128,5026,102,POINT (-73.98658032 40.75513557)
Broadway & W 49 St,40.76068327096592,-73.9845272898674,6015,5427,588,POINT (-73.9845272898674 40.76068327096592)
Broadway & W 51 St,40.76228826,-73.98336183,3358,3239,119,POINT (-73.98336183 40.76228826)
Broadway & W 53 St,40.76344058,-73.98268129,2901,2713,188,POINT (-73.98268129 40.76344058)
Broadway & W 56 St,40.7652654,-73.98192338,8676,8086,590,POINT (-73.98192338 40.7652654)
Broadway & W 60 St,40.76915505,-73.98191841,11068,11061,7,POINT (-73.98191841 40.76915505)
Broadway & Whipple St,40.7016657,-73.9437303,1508,1518,-10,POINT (-73.9437303 40.7016657)
Brook Ave & E 138 St,40.807408,-73.91924,409,460,-51,POINT (-73.91924 40.807408)
Brook Ave & E 141 St,40.809619,-73.917875,133,130,3,POINT (-73.917875 40.809619)
Brook Ave & E 148 St,40.814383,-73.915368,227,219,8,POINT (-73.915368 40.814383)
Brook Ave & E 157 St,40.820713,-73.911759,225,232,-7,POINT (-73.911759 40.820713)
Brooklyn Bridge Park - Pier 2,40.698458,-73.997178,2634,2652,-18,POINT (-73.997178 40.698458)
Bus Slip & State St,40.701907,-74.013942,2499,2574,-75,POINT (-74.013942 40.701907)
Bushwick Ave & Dekalb Ave,40.69502,-73.92825,758,741,17,POINT (-73.92825 40.69502)
Bushwick Ave & Forrest St,40.70076,-73.93641,748,733,15,POINT (-73.93641 40.70076)
Bushwick Ave & Furman Ave,40.68281,-73.90623,218,217,1,POINT (-73.90623 40.68281)
Bushwick Ave & Harman St,40.69356,-73.92524,763,763,0,POINT (-73.92524 40.69356)
Bushwick Ave & Linden St,40.69146,-73.92146,545,550,-5,POINT (-73.92146 40.69146)
Bushwick Ave & McKibbin St,40.705517,-73.93936,537,538,-1,POINT (-73.93936 40.705517)
Bushwick Ave & Powers St,40.71247661,-73.94100005,1675,1687,-12,POINT (-73.94100005 40.71247661)
Bushwick Ave & Stagg St,40.709897,-73.94008,479,478,1,POINT (-73.94008 40.709897)
Butler St & Court St,40.6849894,-73.99440329,862,884,-22,POINT (-73.99440329 40.6849894)
Cabrini Blvd & W 177 St,40.848282,-73.941343,480,418,62,POINT (-73.941343 40.848282)
Cadman Plaza E & Johnson St,40.69531727766904,-73.99015724658966,1398,1404,-6,POINT (-73.99015724658966 40.69531727766904)
Cadman Plaza E & Red Cross Pl,40.69991755,-73.98971773,1728,1741,-13,POINT (-73.98971773 40.69991755)
Calyer St & Jewel St,40.72984,-73.94839,860,842,18,POINT (-73.94839 40.72984)
Cambridge Pl & Gates Ave,40.68488,-73.96304,1466,1466,0,POINT (-73.96304 40.68488)
Canal St & Rutgers St,40.71427487,-73.98990025,7016,7067,-51,POINT (-73.98990025 40.71427487)
Carlton Ave & Dean St,40.6809741,-73.9710097,2019,2027,-8,POINT (-73.9710097 40.6809741)
Carlton Ave & Flushing Ave,40.697787,-73.973736,1011,1015,-4,POINT (-73.973736 40.697787)
Carlton Ave & Park Ave,40.69580705,-73.97355569,883,887,-4,POINT (-73.97355569 40.69580705)
Carmine St & 6 Ave,40.73038599,-74.00214988,9690,9884,-194,POINT (-74.00214988 40.73038599)
Carroll St & 5 Ave,40.6751622,-73.9814832,1481,1510,-29,POINT (-73.9814832 40.6751622)
Carroll St & 6 Ave,40.6740886,-73.9787282,1530,1546,-16,POINT (-73.9787282 40.6740886)
Carroll St & Bond St,40.6786115,-73.99037292,1263,1300,-37,POINT (-73.99037292 40.6786115)
Carroll St & Franklin Ave,40.6679411,-73.9588,578,582,-4,POINT (-73.9588 40.6679411)
Carroll St & Smith St,40.680611,-73.99475825,248,277,-29,POINT (-73.99475825 40.680611)
Carroll St & Washington Ave,40.6686744,-73.9618148,454,450,4,POINT (-73.9618148 40.6686744)
Cathedral Pkwy & Broadway,40.804213,-73.96699104,3473,3489,-16,POINT (-73.96699104 40.804213)
Catherine St & Monroe St,40.71117444,-73.99682619,2629,2686,-57,POINT (-73.99682619 40.71117444)
Cauldwell Ave & E 158 St,40.81989,-73.908351,73,77,-4,POINT (-73.908351 40.81989)
Cauldwell Ave & E 161 St,40.82188,-73.907521,255,262,-7,POINT (-73.907521 40.82188)
Cedar St & Evergreen Ave,40.69671,-73.92807,474,465,9,POINT (-73.92807 40.69671)
Cedar St & Myrtle Ave,40.697842,-73.926241,615,605,10,POINT (-73.926241 40.697842)
Center Blvd & 48 Ave,40.745038,-73.957539,1480,1483,-3,POINT (-73.957539 40.745038)
Center Blvd & 51 Ave,40.74336608027021,-73.95960688591003,2315,2325,-10,POINT (-73.95960688591003 40.74336608027021)
Central Ave & Covert St,40.68929,-73.90951,301,311,-10,POINT (-73.90951 40.68929)
Central Ave & Decatur St,40.6882,-73.90798,352,357,-5,POINT (-73.90798 40.6882)
Central Ave & Flushing Ave,40.702831,-73.9333,798,738,60,POINT (-73.9333 40.702831)
Central Ave & Himrod St,40.69676,-73.92302,566,568,-2,POINT (-73.92302 40.69676)
Central Ave & Melrose St,40.70112,-73.93039,654,613,41,POINT (-73.93039 40.70112)
Central Ave & Starr Street,40.700003,-73.92834,897,863,34,POINT (-73.92834 40.700003)
Central Ave & Weirfield St,40.69055,-73.91181,545,554,-9,POINT (-73.91181 40.69055)
Central Ave & Woodbine St,40.69296,-73.91605,530,541,-11,POINT (-73.91605 40.69296)
Central Park North & Adam Clayton Powell Blvd,40.799484,-73.955613,6807,6873,-66,POINT (-73.955613 40.799484)
Central Park S & 6 Ave,40.76590936,-73.97634151,8529,8450,79,POINT (-73.97634151 40.76590936)
Central Park W & W 103 St,40.79603684159984,-73.96158903853575,2851,2756,95,POINT (-73.96158903853575 40.79603684159984)
Central Park W & W 91 St,40.78866499127884,-73.96680057048798,3819,3835,-16,POINT (-73.96680057048798 40.78866499127884)
Central Park W & W 97 St,40.79249519495111,-73.96417066463071,5915,5861,54,POINT (-73.96417066463071 40.79249519495111)
Central Park West & W 68 St,40.7734066,-73.97782542,8101,7715,386,POINT (-73.97782542 40.7734066)
Central Park West & W 72 St,40.77579376683666,-73.9762057363987,8033,7857,176,POINT (-73.9762057363987 40.77579376683666)
Central Park West & W 76 St,40.77896784,-73.97374737,4126,3938,188,POINT (-73.97374737 40.77896784)
Central Park West & W 85 St,40.78476,-73.969862,6006,6053,-47,POINT (-73.969862 40.78476)
Centre St & Chambers St,40.71273266,-74.0046073,4669,4673,-4,POINT (-74.0046073 40.71273266)
Centre St & Seneca Ave,40.69969,-73.9022,267,266,1,POINT (-73.9022 40.69969)
Centre St & Worth St,40.71494807,-74.00234482,2607,2587,20,POINT (-74.00234482 40.71494807)
Cherry St,40.71219906,-73.97948148,3863,3890,-27,POINT (-73.97948148 40.71219906)
Christopher St & Greenwich St,40.73291553,-74.00711384,10512,11305,-793,POINT (-74.00711384 40.73291553)
Clark St & Henry St,40.69760127,-73.99344559,3020,2999,21,POINT (-73.99344559 40.69760127)
Classon Ave & St Marks Ave,40.6765198,-73.9596082,1548,1482,66,POINT (-73.9596082 40.6765198)
Clay Ave & Claremont Pkwy,40.83999,-73.90549,6,9,-3,POINT (-73.90549 40.83999)
Clay Ave & E 173 St,40.843264,-73.904867,297,318,-21,POINT (-73.904867 40.843264)
Clermont Ave & Lafayette Ave,40.68764484,-73.96968902,1223,1154,69,POINT (-73.96968902 40.68764484)
Clermont Ave & Park Ave,40.69573398,-73.97129668,755,747,8,POINT (-73.97129668 40.69573398)
Cleveland Pl & Spring St,40.722103786686034,-73.99724900722504,9202,9248,-46,POINT (-73.99724900722504 40.722103786686034)
Cliff St & Fulton St,40.70838,-74.00495,4031,4123,-92,POINT (-74.00495 40.70838)
Clinton Ave & Flushing Ave,40.69794,-73.96986848,1004,1018,-14,POINT (-73.96986848 40.69794)
Clinton Ave & Myrtle Ave,40.693261,-73.968896,2102,2112,-10,POINT (-73.968896 40.693261)
Clinton St & 4 Place,40.6783563,-74.00014502,1060,1063,-3,POINT (-74.00014502 40.6783563)
Clinton St & Centre St,40.67434,-74.00194698,324,349,-25,POINT (-74.00194698 40.67434)
Clinton St & Grand St,40.71559509,-73.9870295,6681,6767,-86,POINT (-73.9870295 40.71559509)
Clinton St & Joralemon St,40.69239502,-73.99337909,1819,1836,-17,POINT (-73.99337909 40.69239502)
Clinton St & Union St,40.6831164,-73.99785267,1336,1350,-14,POINT (-73.99785267 40.6831164)
Coffey St & Conover St,40.677236,-74.015665,959,988,-29,POINT (-74.015665 40.677236)
College Ave & E 170 St,40.837576,-73.910489,280,281,-1,POINT (-73.910489 40.837576)
Columbia Heights & Cranberry St,40.70037867,-73.99548059,1340,1346,-6,POINT (-73.99548059 40.70037867)
Columbia St & Degraw St,40.6859296,-74.00242364,1608,1623,-15,POINT (-74.00242364 40.6859296)
Columbia St & Kane St,40.68763155,-74.0016256,1217,1270,-53,POINT (-74.0016256 40.68763155)
Columbia St & Lorraine St,40.6747055,-74.0075572,190,209,-19,POINT (-74.0075572 40.6747055)
Columbia St & Rivington St,40.71739973,-73.98016555,2368,2383,-15,POINT (-73.98016555 40.71739973)
Columbia St & W 9 St,40.6769993,-74.00647134,219,261,-42,POINT (-74.00647134 40.6769993)
Columbus Ave & W 103 St,40.7969347,-73.9643412291,843,820,23,POINT (-73.9643412291 40.7969347)
Columbus Ave & W 72 St,40.7770575,-73.97898475,8000,6859,1141,POINT (-73.97898475 40.7770575)
Columbus Ave & W 95 St,40.7919557,-73.968087,5216,5119,97,POINT (-73.968087 40.7919557)
Commerce St & Van Brunt St,40.6812117,-74.00860912,636,669,-33,POINT (-74.00860912 40.6812117)
Concord St & Bridge St,40.69766564,-73.98476437,1388,1402,-14,POINT (-73.98476437 40.69766564)
Concourse Village East & E 158 St,40.823732,-73.919379,61,66,-5,POINT (-73.919379 40.823732)
Concourse Village West & E 156 St,40.823162,-73.923267,131,135,-4,POINT (-73.923267 40.823162)
Congress St & Clinton St,40.6881529,-73.99520919,1637,1643,-6,POINT (-73.99520919 40.6881529)
Convent Ave & W 135 St,40.818215,-73.950988,305,308,-3,POINT (-73.950988 40.818215)
Convent Ave & W 151 St,40.82831,-73.942924,175,173,2,POINT (-73.942924 40.82831)
Cooper Square & Astor Pl,40.72951496224949,-73.99075269699097,5733,5796,-63,POINT (-73.99075269699097 40.72951496224949)
Court St & Nelson St,40.6763947,-73.99869893,891,1013,-122,POINT (-73.99869893 40.6763947)
Court St & State St,40.6902375,-73.99203074,2585,2572,13,POINT (-73.99203074 40.6902375)
Courtlandt Ave & E 149 St,40.816402,-73.919549,346,348,-2,POINT (-73.919549 40.816402)
Courtlandt Ave & E 157 St,40.822267,-73.916792,112,121,-9,POINT (-73.916792 40.822267)
Crescent St & 30 Ave,40.768692,-73.9249574,1216,1201,15,POINT (-73.9249574 40.768692)
Crescent St & 34 Ave,40.76108,-73.930562,939,946,-7,POINT (-73.930562 40.76108)
Crescent St & 35 Ave,40.7596276,-73.9321455,571,572,-1,POINT (-73.9321455 40.7596276)
Crescent St & Broadway,40.7633589,-73.9286471,1607,1626,-19,POINT (-73.9286471 40.7633589)
Crescent St & Ditmars Blvd,40.7787185,-73.9145645,823,832,-9,POINT (-73.9145645 40.7787185)
Cumberland St & Lafayette Ave,40.68753406,-73.97265183,1760,1771,-11,POINT (-73.97265183 40.68753406)
Cypress Ave & George St,40.69812,-73.90271,228,230,-2,POINT (-73.90271 40.69812)
Cypress Ave & Palmetto St,40.70157340873792,-73.90876293182373,216,210,6,POINT (-73.90876293182373 40.70157340873792)
Dawson St & Intervale Ave,40.819999,-73.897263,4,3,1,POINT (-73.897263 40.819999)
DeKalb Ave & Franklin Ave,40.69064807082943,-73.95746178925037,1884,1903,-19,POINT (-73.95746178925037 40.69064807082943)
DeKalb Ave & Hudson Ave,40.689888,-73.981013,2013,2221,-208,POINT (-73.981013 40.689888)
DeKalb Ave & S Portland Ave,40.68981035,-73.97493121,3277,3296,-19,POINT (-73.97493121 40.68981035)
DeKalb Ave & Vanderbilt Ave,40.68940747,-73.96885458,2494,2490,4,POINT (-73.96885458 40.68940747)
Dean St & 4 Ave,40.68312489,-73.97895137,2115,2167,-52,POINT (-73.97895137 40.68312489)
Dean St & Franklin Ave,40.67759206937376,-73.955637216568,2085,2110,-25,POINT (-73.955637216568 40.67759206937376)
Dean St & Hoyt St,40.6864442,-73.98759104,1312,1322,-10,POINT (-73.98759104 40.6864442)
Degraw St & Hoyt St,40.68199044270703,-73.99079024791718,928,932,-4,POINT (-73.99079024791718 40.68199044270703)
Degraw St & Smith St,40.6829151,-73.99318208,1695,1826,-131,POINT (-73.99318208 40.6829151)
Delancey St & Eldridge St,40.719383,-73.991479,2448,2434,14,POINT (-73.991479 40.719383)
Devoe St & Lorimer St,40.71335226222875,-73.9491033554077,2040,2041,-1,POINT (-73.9491033554077 40.71335226222875)
Devoe St & Morgan Ave,40.713811,-73.93515,738,746,-8,POINT (-73.93515 40.713811)
Ditmars Blvd & 19 St,40.78145,-73.9183302,1487,1488,-1,POINT (-73.9183302 40.78145)
Division Ave & Hooper St,40.70684203101325,-73.9544353965357,1207,1176,31,POINT (-73.9544353965357 40.70684203101325)
Division Ave & Marcy Ave,40.70708701,-73.95796783,448,430,18,POINT (-73.95796783 40.70708701)
Division St & Bowery,40.714193,-73.996732,2727,2713,14,POINT (-73.996732 40.714193)
Dock 72 Way & Market St,40.69985,-73.97141,975,978,-3,POINT (-73.97141 40.69985)
Douglass St & 3 Ave,40.6802133,-73.98432695,760,804,-44,POINT (-73.98432695 40.6802133)
Douglass St & 4 Ave,40.6792788,-73.98154004,1037,1069,-32,POINT (-73.98154004 40.6792788)
Driggs Ave & Lorimer St,40.72179134,-73.9504154,532,551,-19,POINT (-73.9504154 40.72179134)
Driggs Ave & N 9 St,40.71816969454208,-73.95520135760307,3221,3233,-12,POINT (-73.95520135760307 40.71816969454208)
Driggs Ave & N Henry St,40.72325,-73.94308,1908,1905,3,POINT (-73.94308 40.72325)
Duane St & Greenwich St,40.71748752,-74.0104554,2175,2185,-10,POINT (-74.0104554 40.71748752)
Duffield St & Willoughby St,40.69221589,-73.9842844,1947,1954,-7,POINT (-73.9842844 40.69221589)
Dwight St & Van Dyke St,40.67363551341504,-74.01195555925369,661,775,-114,POINT (-74.01195555925369 40.67363551341504)
E 10 St & 5 Ave,40.73331967,-73.99510132,4302,4408,-106,POINT (-73.99510132 40.73331967)
E 10 St & Avenue A,40.72740794,-73.98142006,8342,8650,-308,POINT (-73.98142006 40.72740794)
E 102 St & 1 Ave,40.7869946,-73.94164802,3169,3198,-29,POINT (-73.94164802 40.7869946)
E 102 St & Park Ave,40.7904828,-73.95033068,1517,1524,-7,POINT (-73.95033068 40.7904828)
E 103 St & Lexington Ave,40.7903051,-73.94755757,1812,1844,-32,POINT (-73.94755757 40.7903051)
E 106 St & 1 Ave,40.7892529,-73.93956237,1483,1497,-14,POINT (-73.93956237 40.7892529)
E 106 St & Lexington Ave,40.791976,-73.945993,1538,1547,-9,POINT (-73.945993 40.791976)
E 106 St & Madison Ave,40.7934337,-73.94945003,1435,1441,-6,POINT (-73.94945003 40.7934337)
E 109 St & 3 Ave,40.79329668,-73.9432083,1337,1344,-7,POINT (-73.9432083 40.79329668)
E 11 St & 1 Ave,40.72953837,-73.98426726,6172,6207,-35,POINT (-73.98426726 40.72953837)
E 11 St & 2 Ave,40.73047309,-73.98672378,7860,7871,-11,POINT (-73.98672378 40.73047309)
E 11 St & Avenue B,40.72746420692392,-73.97950418293476,5443,5325,118,POINT (-73.97950418293476 40.72746420692392)
E 110 St & Madison Ave,40.7961535,-73.94782145,3021,3030,-9,POINT (-73.94782145 40.7961535)
E 114 St & 1 Ave,40.7945663,-73.9362541,1102,1119,-17,POINT (-73.9362541 40.7945663)
E 115 St & Lexington Ave,40.797911,-73.9423,1511,1518,-7,POINT (-73.9423 40.797911)
E 115 St & Madison Ave,40.7989445,-73.944846,831,841,-10,POINT (-73.944846 40.7989445)
E 116 St & 2 Ave,40.796879,-73.937261,1362,1375,-13,POINT (-73.937261 40.796879)
E 118 St & 1 Ave,40.79747,-73.93504,1133,1120,13,POINT (-73.93504 40.79747)
E 118 St & 3 Ave,40.799139,-73.9389152,1662,1694,-32,POINT (-73.9389152 40.799139)
E 118 St & Madison Ave,40.8014866,-73.9442507,1187,1196,-9,POINT (-73.9442507 40.8014866)
E 118 St & Park Ave,40.8005385,-73.9419949,608,620,-12,POINT (-73.9419949 40.8005385)
E 12 St & 3 Ave,40.73223272,-73.98889957,4361,4388,-27,POINT (-73.98889957 40.73223272)
E 123 St & Lexington Ave,40.8029263,-73.9379,736,722,14,POINT (-73.9379 40.8029263)
E 128 St & 3 Ave,40.805631,-73.934077,143,141,2,POINT (-73.934077 40.805631)
E 128 St & Madison Ave,40.80756,-73.939182,687,675,12,POINT (-73.939182 40.80756)
E 13 St & Avenue A,40.72966729392978,-73.98067966103554,10239,10280,-41,POINT (-73.98067966103554 40.72966729392978)
E 132 St & Madison Ave,40.810224,-73.937195,901,902,-1,POINT (-73.937195 40.810224)
E 134 St & Walnut Ave,40.800425,-73.911034,151,148,3,POINT (-73.911034 40.800425)
E 135 St & St Ann's Ave,40.805089,-73.918889,174,176,-2,POINT (-73.918889 40.805089)
E 138 St & 5 Av,40.81449,-73.936153,358,344,14,POINT (-73.936153 40.81449)
E 138 St & Canal St W,40.812304,-73.929153,230,228,2,POINT (-73.929153 40.812304)
E 138 St & Cypress Ave,40.805559,-73.914718,158,163,-5,POINT (-73.914718 40.805559)
E 138 St & Grand Concourse,40.813224,-73.930605,146,138,8,POINT (-73.930605 40.813224)
E 138 St & Willow Ave,40.804168,-73.911545,157,148,9,POINT (-73.911545 40.804168)
E 141 St & Jackson Ave,40.806896,-73.911837,162,169,-7,POINT (-73.911837 40.806896)
E 141 St & St Ann's Ave,40.808633,-73.916124,309,313,-4,POINT (-73.916124 40.808633)
E 142 St & 3 Ave,40.812735,-73.923697,255,248,7,POINT (-73.923697 40.812735)
E 144 St & Brook Ave,40.811675,-73.917037,152,154,-2,POINT (-73.917037 40.811675)
E 147 St & Bergen Ave,40.814673,-73.91839,263,264,-1,POINT (-73.91839 40.814673)
E 149 St & Eagle Ave,40.814046,-73.91186,169,173,-4,POINT (-73.91186 40.814046)
E 149 St & Jackson Ave,40.813135,-73.909235,409,408,1,POINT (-73.909235 40.813135)
E 149 St & Morris Ave,40.81734,-73.922962,488,424,64,POINT (-73.922962 40.81734)
E 15 St & 3 Ave,40.734232,-73.986923,6745,6709,36,POINT (-73.986923 40.734232)
E 150 St & Gerard Ave,40.820089,-73.928947,623,642,-19,POINT (-73.928947 40.820089)
E 153 St & E 157 St,40.826677,-73.929327,63,81,-18,POINT (-73.929327 40.826677)
E 155 St & Courtlandt Ave,40.82057,-73.917579,138,132,6,POINT (-73.917579 40.82057)
E 156 & Brook Ave,40.819823,-73.912411,352,369,-17,POINT (-73.912411 40.819823)
E 157 St & River Ave,40.825737,-73.927311,23,34,-11,POINT (-73.927311 40.825737)
E 158 St & Melrose Ave,40.822215,-73.914688,249,259,-10,POINT (-73.914688 40.822215)
E 16 St & 5 Ave,40.73726186,-73.99238967,5919,5978,-59,POINT (-73.99238967 40.73726186)
E 16 St & Irving Pl,40.735367055605394,-73.98797392845154,2780,2782,-2,POINT (-73.98797392845154 40.735367055605394)
E 160 St & Tinton Ave,40.820302,-73.903944,169,173,-4,POINT (-73.903944 40.820302)
E 161 St & River Ave,40.827883,-73.927111,1303,1312,-9,POINT (-73.927111 40.827883)
E 163 St & Tiffany St,40.821075,-73.895069,122,127,-5,POINT (-73.895069 40.821075)
E 163 St & Union Ave,40.822545,-73.901824,7,9,-2,POINT (-73.901824 40.822545)
E 167 St & Clay Ave,40.83094,-73.91125,1,3,-2,POINT (-73.91125 40.83094)
E 169 St & Fox St,40.827184,-73.893721,69,69,0,POINT (-73.893721 40.827184)
E 169 St & Webster Ave,40.834015,-73.908863,565,580,-15,POINT (-73.908863 40.834015)
E 17 St & Broadway,40.73704984,-73.99009296,11264,11446,-182,POINT (-73.99009296 40.73704984)
E 170 St & Webster Ave,40.836103,-73.907199,30,36,-6,POINT (-73.907199 40.836103)
E 19 St & 3 Ave,40.73624527,-73.98473765,7042,7053,-11,POINT (-73.98473765 40.73624527)
E 2 St & 2 Ave,40.72502876,-73.99069656,5089,5137,-48,POINT (-73.99069656 40.72502876)
E 2 St & Avenue A,40.72307749068673,-73.98583620786667,5982,6064,-82,POINT (-73.98583620786667 40.72307749068673)
E 2 St & Avenue B,40.72217444,-73.98368779,6534,6545,-11,POINT (-73.98368779 40.72217444)
E 2 St & Avenue C,40.7208736,-73.98085795,3942,3970,-28,POINT (-73.98085795 40.7208736)
E 20 St & FDR Drive,40.73314259,-73.97573881,4240,4264,-24,POINT (-73.97573881 40.73314259)
E 20 St & Park Ave,40.73827428,-73.98751968,5532,5519,13,POINT (-73.98751968 40.73827428)
E 23 St & 1 Ave,40.736502,-73.97809472,7311,7326,-15,POINT (-73.97809472 40.736502)
E 25 St & 1 Ave,40.7381765,-73.97738662,5376,5324,52,POINT (-73.97738662 40.7381765)
E 27 St & 1 Ave,40.739445,-73.976806,6963,7066,-103,POINT (-73.976806 40.739445)
E 30 St & Park Ave S,40.74444921,-73.98303529,3590,3518,72,POINT (-73.98303529 40.74444921)
E 31 St & 3 Ave,40.74394314,-73.97966069,7096,6779,317,POINT (-73.97966069 40.74394314)
E 32 St & Park Ave,40.7457121,-73.98194829,5161,4950,211,POINT (-73.98194829 40.7457121)
E 33 St & 1 Ave,40.74322681432173,-73.97449783980846,9473,9478,-5,POINT (-73.97449783980846 40.74322681432173)
E 33 St & 5 Ave,40.74765947,-73.98490707,4874,4858,16,POINT (-73.98490707 40.74765947)
E 39 St & 2 Ave,40.74780373,-73.9734419,256,236,20,POINT (-73.9734419 40.74780373)
E 39 St & 3 Ave,40.7489006,-73.97604882,717,726,-9,POINT (-73.97604882 40.7489006)
E 39 St & Lexington Ave,40.7494985460252,-73.97729203113158,5076,5074,2,POINT (-73.97729203113158 40.7494985460252)
E 4 St & 2 Ave,40.7262807,-73.98978041,6278,6401,-123,POINT (-73.98978041 40.7262807)
E 41 St & Madison Ave,40.752165280621966,-73.97992193698882,2414,2427,-13,POINT (-73.97992193698882 40.752165280621966)
E 43 St & 2 Ave,40.75022392,-73.97121414,3498,3190,308,POINT (-73.97121414 40.75022392)
E 43 St & 5 Ave,40.754120810779256,-73.98025184869766,2559,2415,144,POINT (-73.98025184869766 40.754120810779256)
E 44 St & 2 Ave,40.75118387463277,-73.97138714790344,1072,1043,29,POINT (-73.97138714790344 40.75118387463277)
E 45 St & 3 Ave,40.75255434,-73.97282625,2819,2832,-13,POINT (-73.97282625 40.75255434)
E 47 St & 1 Ave,40.75206862,-73.96784384,2433,2426,7,POINT (-73.96784384 40.75206862)
E 47 St & 2 Ave,40.75323098,-73.97032517,3354,3225,129,POINT (-73.97032517 40.75323098)
E 47 St & Park Ave,40.75510267,-73.97498696,3815,3500,315,POINT (-73.97498696 40.75510267)
E 48 St & 3 Ave,40.7546011026,-73.971878855,2676,2637,39,POINT (-73.971878855 40.7546011026)
E 48 St & 5 Ave,40.75724567911726,-73.97805914282799,3273,3300,-27,POINT (-73.97805914282799 40.75724567911726)
E 5 St & Avenue C,40.72299208,-73.97995466,3350,3349,1,POINT (-73.97995466 40.72299208)
E 51 St & 1 Ave,40.75455731,-73.96592976,3658,3635,23,POINT (-73.96592976 40.75455731)
E 51 St & 2 Ave,40.755293,-73.967641,3842,3941,-99,POINT (-73.967641 40.755293)
E 51 St & Lexington Ave,40.75714758,-73.97207836,2380,2226,154,POINT (-73.97207836 40.75714758)
E 53 St & Lexington Ave,40.75828065,-73.97069431,3356,3370,-14,POINT (-73.97069431 40.75828065)
E 53 St & Madison Ave,40.7597108,-73.97402311,3548,3543,5,POINT (-73.97402311 40.7597108)
E 55 St & 2 Ave,40.75797322,-73.96603308,4966,5009,-43,POINT (-73.96603308 40.75797322)
E 56 St & 3 Ave,40.75934501,-73.96759673,3294,3180,114,POINT (-73.96759673 40.75934501)
E 56 St & Madison Ave,40.761573,-73.972628,2106,2114,-8,POINT (-73.972628 40.761573)
E 58 St &  1 Ave (NW Corner),40.759125,-73.962658,3441,3121,320,POINT (-73.962658 40.759125)
E 58 St & 1 Ave (NE Corner),40.75892386377695,-73.96226227283478,1698,1602,96,POINT (-73.96226227283478 40.75892386377695)
E 58 St & 3 Ave,40.76095756,-73.96724467,5887,5893,-6,POINT (-73.96724467 40.76095756)
E 58 St & Madison Ave,40.76302594280519,-73.97209525108337,3188,3199,-11,POINT (-73.97209525108337 40.76302594280519)
E 59 St & Madison Ave,40.76350532,-73.97109243,3264,3325,-61,POINT (-73.97109243 40.76350532)
E 6 St & Avenue B,40.72453734,-73.98185424,5800,5838,-38,POINT (-73.98185424 40.72453734)
E 6 St & Avenue D,40.72228087,-73.97668709,6000,5978,22,POINT (-73.97668709 40.72228087)
E 60 St & York Ave,40.759107,-73.959223,1368,1371,-3,POINT (-73.959223 40.759107)
E 63 St & 3 Ave,40.763954,-73.9646,2798,2297,501,POINT (-73.9646 40.763954)
E 65 St & 2 Ave,40.76471851944339,-73.96222069859505,2742,2765,-23,POINT (-73.96222069859505 40.76471851944339)
E 66 St & Madison Ave,40.76800889305947,-73.96845281124115,1610,1594,16,POINT (-73.96845281124115 40.76800889305947)
E 67 St & Park Ave,40.76780080148132,-73.96592080593109,1258,1104,154,POINT (-73.96592080593109 40.76780080148132)
E 68 St & 3 Ave,40.76712840349542,-73.96224617958069,2009,1978,31,POINT (-73.96224617958069 40.76712840349542)
E 68 St & Madison Ave,40.7691572,-73.96703464,1117,1131,-14,POINT (-73.96703464 40.7691572)
E 7 St & Avenue A,40.72621788,-73.98379855,6786,6795,-9,POINT (-73.98379855 40.72621788)
E 72 St & Park Ave,40.77118287540658,-73.96409422159195,2421,2207,214,POINT (-73.96409422159195 40.77118287540658)
E 72 St & York Ave,40.76663814,-73.95348296,5075,5026,49,POINT (-73.95348296 40.76663814)
E 74 St & 1 Ave,40.7689738,-73.95482273,4703,4643,60,POINT (-73.95482273 40.7689738)
E 75 St & 3 Ave,40.77112927,-73.95772297,2176,2195,-19,POINT (-73.95772297 40.77112927)
E 76 St & Park Ave,40.773763,-73.96222088,2302,2321,-19,POINT (-73.96222088 40.773763)
E 77 St & 3 Ave,40.77314236,-73.95856158,2796,2736,60,POINT (-73.95856158 40.77314236)
E 78 St & 2 Ave,40.7727966,-73.95577801,2239,2246,-7,POINT (-73.95577801 40.7727966)
E 81 St & 2 Ave,40.77477944895728,-73.95427465438843,3850,3748,102,POINT (-73.95427465438843 40.77477944895728)
E 81 St & 3 Ave,40.77573034,-73.9567526,2406,2408,-2,POINT (-73.9567526 40.77573034)
E 81 St & Park Ave,40.77677702,-73.9590097,1576,1362,214,POINT (-73.9590097 40.77677702)
E 81 St & York Ave,40.7728384,-73.94989233,3052,2988,64,POINT (-73.94989233 40.7728384)
E 82 St & East End Ave,40.7724607,-73.9468208,2018,2023,-5,POINT (-73.9468208 40.7724607)
E 84 St & 1 Ave,40.77565541,-73.95068615,4752,4758,-6,POINT (-73.95068615 40.77565541)
E 84 St & Park Ave,40.77862688,-73.95772073,2741,2762,-21,POINT (-73.95772073 40.77862688)
E 85 St & 3 Ave,40.77801203,-73.95407149,4778,4771,7,POINT (-73.95407149 40.77801203)
E 85 St & York Ave,40.77536905,-73.94803392,2243,2148,95,POINT (-73.94803392 40.77536905)
E 88 St & 1 Ave,40.778301,-73.9488134,4245,4264,-19,POINT (-73.9488134 40.778301)
E 88 St & Park Ave,40.781410700190015,-73.95595908164978,1925,1868,57,POINT (-73.95595908164978 40.781410700190015)
E 89 St & 3 Ave,40.7806284,-73.9521667,3553,3379,174,POINT (-73.9521667 40.7806284)
E 89 St & York Ave,40.7779453,-73.946041,2486,2469,17,POINT (-73.946041 40.7779453)
E 9 St & Avenue C,40.72521311,-73.97768752,4027,4022,5,POINT (-73.97768752 40.72521311)
E 91 St & 2 Ave,40.78112229934166,-73.94965589046478,3702,3694,8,POINT (-73.94965589046478 40.78112229934166)
E 91 St & Park Ave,40.7835016,-73.955327,1969,1865,104,POINT (-73.955327 40.7835016)
E 93 St & 2 Ave,40.782454175279874,-73.9489196240902,1803,1828,-25,POINT (-73.9489196240902 40.782454175279874)
E 95 St & 3 Ave,40.7849032,-73.950503,1527,1527,0,POINT (-73.950503 40.7849032)
E 97 St & 3 Ave,40.7859201,-73.94860294,973,970,3,POINT (-73.94860294 40.7859201)
E 97 St & Madison Ave,40.787801,-73.953559,3567,3392,175,POINT (-73.953559 40.787801)
E 98 St & Park Ave,40.78813,-73.95206,1146,1151,-5,POINT (-73.95206 40.78813)
East End Ave & E 86 St,40.77518615,-73.94446054,2093,2095,-2,POINT (-73.94446054 40.77518615)
Eastern Pkwy & Franklin Ave,40.6707767,-73.9576801,2167,2036,131,POINT (-73.9576801 40.6707767)
Eastern Pkwy & Washington Ave,40.6716493,-73.9631145,1638,1485,153,POINT (-73.9631145 40.6716493)
Edgecombe Ave & W 141 St,40.820681,-73.945144,1974,1971,3,POINT (-73.945144 40.820681)
Edgecombe Ave & W 145 St,40.823498,-73.94386,1337,1345,-8,POINT (-73.94386 40.823498)
Edgecombe Ave & W 150 St,40.826881,-73.941427,257,237,20,POINT (-73.941427 40.826881)
Edgecombe Ave & W 167 St,40.838191,-73.936085,363,293,70,POINT (-73.936085 40.838191)
Eldert St & Bushwick Ave,40.68652,-73.91321,374,377,-3,POINT (-73.91321 40.68652)
Emerson Pl & Myrtle Ave,40.69363137,-73.96223558,1939,1954,-15,POINT (-73.96223558 40.69363137)
Engert Ave & McGuinness Blvd,40.72158,-73.94546,640,636,4,POINT (-73.94546 40.72158)
Evergreen Ave & Noll St,40.70106,-73.93318,1033,918,115,POINT (-73.93318 40.70106)
FDR Drive & E 35 St,40.744219,-73.97121214,9226,9129,97,POINT (-73.97121214 40.744219)
Faile St & Garrison Ave,40.820578,-73.888271,148,158,-10,POINT (-73.888271 40.820578)
Fairview Ave & Linden St,40.70694,-73.90632,335,344,-9,POINT (-73.90632 40.70694)
Flushing Ave & Vanderbilt Ave,40.69795031569544,-73.97077560424805,2237,2256,-19,POINT (-73.97077560424805 40.69795031569544)
Flushing Ave & Woodward Ave,40.71246,-73.91873,361,357,4,POINT (-73.91873 40.71246)
Forest Ave & Summerfield St,40.69922,-73.89795,653,657,-4,POINT (-73.89795 40.69922)
Forsyth St & Broome St,40.71893904,-73.99266288,4564,4739,-175,POINT (-73.99266288 40.71893904)
Forsyth St & Canal St,40.7158155,-73.99422366,5769,5893,-124,POINT (-73.99422366 40.7158155)
Fort Washington Ave & W 173 St,40.84522,-73.940493,704,705,-1,POINT (-73.940493 40.84522)
Fort Washington Ave & W 183 St,40.852252,-73.937854,1599,1550,49,POINT (-73.937854 40.852252)
Franklin Ave & Empire Blvd,40.66314,-73.9605695,2791,2797,-6,POINT (-73.9605695 40.66314)
Franklin Ave & Myrtle Ave,40.694546087246025,-73.95801365375519,1015,1023,-8,POINT (-73.95801365375519 40.694546087246025)
Franklin Ave & St Marks Ave,40.6758324,-73.9561677,1426,1393,33,POINT (-73.9561677 40.6758324)
Franklin St & Dupont St,40.73564,-73.95866,2817,2930,-113,POINT (-73.95866 40.73564)
Franklin St & W Broadway,40.71911552,-74.00666661,2649,2685,-36,POINT (-74.00666661 40.71911552)
Frederick Douglass Blvd & Harlem River Dr,40.830702,-73.936371,342,340,2,POINT (-73.936371 40.830702)
Frederick Douglass Blvd & W 112 St,40.801694,-73.957145,3625,3727,-102,POINT (-73.957145 40.801694)
Frederick Douglass Blvd & W 115 St,40.8038654,-73.9559308,2602,2602,0,POINT (-73.9559308 40.8038654)
Frederick Douglass Blvd & W 117 St,40.805159,-73.954692,4338,4375,-37,POINT (-73.954692 40.805159)
Frederick Douglass Blvd & W 129 St,40.8125511,-73.9492286,896,903,-7,POINT (-73.9492286 40.8125511)
Freeman St & Reverend James A Polite Ave,40.830529,-73.894717,123,140,-17,POINT (-73.894717 40.830529)
Front St & Gold St,40.70224,-73.982578,1347,1360,-13,POINT (-73.982578 40.70224)
Front St & Jay St,40.702461,-73.986842,2445,2469,-24,POINT (-73.986842 40.702461)
Front St & Maiden Ln,40.70530954,-74.00612572,2127,2155,-28,POINT (-74.00612572 40.70530954)
Front St & Washington St,40.70255088,-73.98940236,4460,4738,-278,POINT (-73.98940236 40.70255088)
Frost St & Debevoise Ave,40.71882,-73.93948,379,382,-3,POINT (-73.93948 40.71882)
Frost St & Meeker Ave,40.71766197083994,-73.94880026578903,1098,1074,24,POINT (-73.94880026578903 40.71766197083994)
Fulton Ave & E 168 St,40.830471,-73.904556,33,35,-2,POINT (-73.904556 40.830471)
Fulton Ave & St. Paul's Pl,40.83545,-73.90153,2,3,-1,POINT (-73.90153 40.83545)
Fulton St & Adams St,40.69241829257847,-73.98949474096298,2654,2685,-31,POINT (-73.98949474096298 40.69241829257847)
Fulton St & Broadway,40.711066,-74.009447,6167,6258,-91,POINT (-74.009447 40.711066)
Fulton St & Clermont Ave,40.68415748,-73.96922273,1232,1235,-3,POINT (-73.96922273 40.68415748)
Fulton St & Irving Pl,40.68186,-73.959432,1271,1215,56,POINT (-73.959432 40.68186)
Fulton St & Utica Ave,40.6794268,-73.9298911,1875,1902,-27,POINT (-73.9298911 40.6794268)
Fulton St & Waverly Ave,40.68323865460341,-73.96599590778351,2087,1980,107,POINT (-73.96599590778351 40.68323865460341)
Fulton St & William St,40.70955958,-74.00653609,2451,2456,-5,POINT (-74.00653609 40.70955958)
Gansevoort St & Hudson St,40.73944820130404,-74.00507032871246,5637,5767,-130,POINT (-74.00507032871246 40.73944820130404)
Garfield Pl & 8 Ave,40.6711978,-73.97484126,1397,1412,-15,POINT (-73.97484126 40.6711978)
George St & Wilson Ave,40.702997,-73.92997,907,908,-1,POINT (-73.92997 40.702997)
Gerard Ave & E 146 St,40.817755,-73.92965,248,243,5,POINT (-73.92965 40.817755)
Gerard Ave & E 164 St,40.830262,-73.923391,236,236,0,POINT (-73.923391 40.830262)
Gerard Ave & E 165 St,40.83173,-73.922394,208,201,7,POINT (-73.922394 40.83173)
Gerard Ave & McClellan St,40.833909,-73.92112,215,207,8,POINT (-73.92112 40.833909)
Goble Pl & Macombs Rd,40.844075,-73.917256,211,220,-9,POINT (-73.917256 40.844075)
Graham Ave & Conselyea St,40.715143,-73.944507,98,107,-9,POINT (-73.944507 40.715143)
Graham Ave & Grand St,40.711863,-73.944024,2853,2839,14,POINT (-73.944024 40.711863)
Graham Ave & Herbert St,40.71929301,-73.94500379,859,855,4,POINT (-73.94500379 40.71929301)
Graham Ave & Withers St,40.7169811,-73.94485918,2215,2218,-3,POINT (-73.94485918 40.7169811)
Grand Army Plaza & Central Park S,40.7643971,-73.97371465,3361,3116,245,POINT (-73.97371465 40.7643971)
Grand Army Plaza & Plaza St West,40.6729679,-73.97087984,5099,5127,-28,POINT (-73.97087984 40.6729679)
Grand Ave & Bergen St,40.678045,-73.962408,1402,1331,71,POINT (-73.962408 40.678045)
Grand Concourse & E 144 St,40.816576,-73.927987,501,483,18,POINT (-73.927987 40.816576)
Grand Concourse & E 156 St,40.823429,-73.924689,314,292,22,POINT (-73.924689 40.823429)
Grand Concourse & E 161 St,40.827115,-73.92272,422,419,3,POINT (-73.92272 40.827115)
Grand Concourse & E 164 St,40.829608,-73.921461,282,292,-10,POINT (-73.921461 40.829608)
Grand Concourse & E 167 St,40.834263,-73.917641,544,553,-9,POINT (-73.917641 40.834263)
Grand Concourse & E 171 St,40.839549,-73.913004,693,673,20,POINT (-73.913004 40.839549)
Grand Concourse & East Mount Eden Ave,40.84301,-73.91172,323,337,-14,POINT (-73.91172 40.84301)
Grand St & Elizabeth St,40.718822,-73.99596,9071,9325,-254,POINT (-73.99596 40.718822)
Grand St & Greene St,40.72170005235607,-74.00238141417502,3199,3275,-76,POINT (-74.00238141417502 40.72170005235607)
Grand St & Havemeyer St,40.71286844,-73.95698119,120,133,-13,POINT (-73.95698119 40.71286844)
Grant Ave & E 164 St,40.828847,-73.91769,518,524,-6,POINT (-73.91769 40.828847)
Great Jones St,40.72743423,-73.99379025,5729,5803,-74,POINT (-73.99379025 40.72743423)
Green St & McGuinness Blvd,40.73396,-73.95204,860,856,4,POINT (-73.95204 40.73396)
Greene Av & Myrtle Av,40.698568,-73.918877,745,746,-1,POINT (-73.918877 40.698568)
Greene Ave & Grandview Ave,40.709697,-73.907856,289,286,3,POINT (-73.907856 40.709697)
Greene Ave & Nostrand Ave,40.6883337,-73.950916,1366,1383,-17,POINT (-73.950916 40.6883337)
Greene Ave & Throop Ave,40.6894932,-73.942061,1287,1297,-10,POINT (-73.942061 40.6894932)
Greenpoint Ave & Manhattan Ave,40.73026,-73.95394,2262,2255,7,POINT (-73.95394 40.73026)
Greenwich Ave & 8 Ave,40.7390169121,-74.0026376103,8864,8894,-30,POINT (-74.0026376103 40.7390169121)
Greenwich Ave & Charles St,40.735238,-74.000271,4833,4900,-67,POINT (-74.000271 40.735238)
Greenwich St & Hubert St,40.721319,-74.010065,1020,1091,-71,POINT (-74.010065 40.721319)
Greenwich St & W Houston St,40.728846,-74.008591,5042,5307,-265,POINT (-74.008591 40.728846)
Grove St & Broadway,40.69047,-73.923511,1261,1282,-21,POINT (-73.923511 40.69047)
Halsey St & Broadway,40.68565,-73.91564,773,779,-6,POINT (-73.91564 40.68565)
Halsey St & Evergreen Ave,40.68858,-73.91227,351,350,1,POINT (-73.91227 40.68858)
Halsey St & Tompkins Ave,40.6823687,-73.944118,1440,1435,5,POINT (-73.944118 40.6823687)
Hamilton Pl & W 138 St,40.821728,-73.952761,527,530,-3,POINT (-73.952761 40.821728)
Hamilton Pl & W 140 St,40.822756,-73.951346,161,138,23,POINT (-73.951346 40.822756)
Hancock St & Bedford Ave,40.68216564,-73.95399026,1370,1356,14,POINT (-73.95399026 40.68216564)
Hancock St & Wyckoff Ave,40.6972,-73.90674,236,237,-1,POINT (-73.90674 40.6972)
Hanson Pl & Ashland Pl,40.68506807308177,-73.97790759801863,3391,3420,-29,POINT (-73.97790759801863 40.68506807308177)
Harlem River Dr & W 155 St,40.830476,-73.939929,293,289,4,POINT (-73.939929 40.830476)
Harrison Pl & Porter Ave,40.70686,-73.92851,446,451,-5,POINT (-73.92851 40.70686)
Harrison St & Hudson St,40.71870987,-74.0090009,1599,1614,-15,POINT (-74.0090009 40.71870987)
Hart St & Wyckoff Ave,40.704876,-73.919911,360,360,0,POINT (-73.919911 40.704876)
Henry St & Atlantic Ave,40.69089272,-73.99612349,2333,2358,-25,POINT (-73.99612349 40.69089272)
Henry St & Bay St,40.6725058,-74.00494695,274,311,-37,POINT (-74.00494695 40.6725058)
Henry St & Degraw St,40.6847514,-73.99917254,1203,1209,-6,POINT (-73.99917254 40.6847514)
Henry St & Grand St,40.714211,-73.981095,4749,4759,-10,POINT (-73.981095 40.714211)
Henry St & Middagh St,40.7003,-73.991581,1392,1373,19,POINT (-73.991581 40.7003)
Henry St & W 9 St,40.6763744,-74.00324957,182,190,-8,POINT (-74.00324957 40.6763744)
Hicks St & Montague St,40.69512845,-73.99595065,1550,1552,-2,POINT (-73.99595065 40.69512845)
Hope St & Union Ave,40.71167351,-73.95141312,3160,3164,-4,POINT (-73.95141312 40.71167351)
Howard St & Centre St,40.71910537,-73.99973337,4152,4147,5,POINT (-73.99973337 40.71910537)
Hoyt St & Warren St,40.6843549,-73.98901629,606,537,69,POINT (-73.98901629 40.6843549)
Hudson St & Reade St,40.71625008,-74.0091059,2479,2473,6,POINT (-74.0091059 40.71625008)
Humboldt St & Varet St,40.7031724,-73.940636,812,803,9,POINT (-73.940636 40.7031724)
Huron St & Franklin St,40.73266,-73.95826,2279,2282,-3,POINT (-73.95826 40.73266)
India St & Manhattan Ave,40.73232194,-73.9550858,2248,2371,-123,POINT (-73.9550858 40.73232194)
India St & West St,40.73181401720966,-73.95995020866394,2056,2076,-20,POINT (-73.95995020866394 40.73181401720966)
Intervale Ave & Westchester Ave,40.821967,-73.896752,131,143,-12,POINT (-73.896752 40.821967)
Inwood Ave & W 170 St,40.840536,-73.919228,295,299,-4,POINT (-73.919228 40.840536)
Irving Ave & DeKalb Ave,40.7027,-73.92095,908,914,-6,POINT (-73.92095 40.7027)
Irving Ave & Halsey St,40.69467,-73.90663,498,500,-2,POINT (-73.90663 40.69467)
Irving Ave & Harman St,40.70108,-73.9179,836,842,-6,POINT (-73.9179 40.70108)
Irving Ave & Jefferson St,40.70538,-73.92535,969,971,-2,POINT (-73.92535 40.70538)
Irving Ave & Palmetto St,40.698,-73.9127,451,448,3,POINT (-73.9127 40.698)
Jackson Ave & 46 Rd,40.74524768,-73.94733276,759,779,-20,POINT (-73.94733276 40.74524768)
Jackson St & Leonard St,40.71638031973561,-73.94821286201477,1017,1000,17,POINT (-73.94821286201477 40.71638031973561)
Jay St & Tech Pl,40.695065,-73.987167,2876,2976,-100,POINT (-73.987167 40.695065)
Jay St & York St,40.70140317257725,-73.98672670125961,2624,2658,-34,POINT (-73.98672670125961 40.70140317257725)
Jefferson Ave & Evergreen Ave,40.68989,-73.91458,475,479,-4,POINT (-73.91458 40.68989)
Jefferson St & Cypress Ave,40.70907,-73.92157,563,561,2,POINT (-73.92157 40.70907)
Jerome Ave & Anderson Ave,40.830179,-73.928747,220,229,-9,POINT (-73.928747 40.830179)
Jerome Ave & Ogden Ave,40.829797,-73.931015,39,39,0,POINT (-73.931015 40.829797)
John St & William St,40.70862144,-74.00722156,2572,2504,68,POINT (-74.00722156 40.70862144)
Johnson St & Gold St,40.69474881,-73.98362464,1875,1872,3,POINT (-73.98362464 40.69474881)
Kane St & Clinton St,40.6861758,-73.99645295,1326,1440,-114,POINT (-73.99645295 40.6861758)
Kent Ave & N 7 St,40.72036775298455,-73.96165072917938,6404,6811,-407,POINT (-73.96165072917938 40.72036775298455)
Kent Ave & S 11 St,40.707644944175705,-73.96841526031494,3320,3336,-16,POINT (-73.96841526031494 40.707644944175705)
Kent St & McGuinness Blvd,40.73124,-73.95161,482,485,-3,POINT (-73.95161 40.73124)
Kingsland Ave & Nassau Ave,40.72577,-73.94173,1456,1427,29,POINT (-73.94173 40.72577)
Kingston Ave & Herkimer St,40.67890679,-73.94142771,1653,1672,-19,POINT (-73.94142771 40.67890679)
Knickerbocker Ave & Cooper St,40.69081,-73.90448,431,440,-9,POINT (-73.90448 40.69081)
Knickerbocker Ave & George St,40.704425,-73.92836,963,982,-19,POINT (-73.92836 40.704425)
Knickerbocker Ave & Halsey St,40.693,-73.90824,369,375,-6,POINT (-73.90824 40.693)
Knickerbocker Ave & Hancock St,40.69385,-73.90974,490,484,6,POINT (-73.90974 40.69385)
Knickerbocker Ave & Thames St,40.70539,-73.92976,1085,1107,-22,POINT (-73.92976 40.70539)
Kosciuszko St & Nostrand Ave,40.69072549,-73.95133465,1469,1461,8,POINT (-73.95133465 40.69072549)
Kosciuszko St & Tompkins Ave,40.69128258,-73.9452416,1354,1366,-12,POINT (-73.9452416 40.69128258)
LaGuardia Pl & W 3 St,40.72917025,-73.99810231,5715,6043,-328,POINT (-73.99810231 40.72917025)
Lafayette Ave & Classon Ave,40.68900443,-73.96023854,1637,1656,-19,POINT (-73.96023854 40.68900443)
Lafayette Ave & Fort Greene Pl,40.68691865,-73.976682,2695,2714,-19,POINT (-73.976682 40.68691865)
Lafayette Ave & St James Pl,40.68851534,-73.9647628,1475,1481,-6,POINT (-73.9647628 40.68851534)
Lafayette St & E 8 St,40.73020660529954,-73.99102628231049,7291,7426,-135,POINT (-73.99102628231049 40.73020660529954)
Lafayette St & Jersey St,40.72456089,-73.99565293,6268,6306,-38,POINT (-73.99565293 40.72456089)
Laight St & Hudson St,40.72185379,-74.00771779,1028,1050,-22,POINT (-74.00771779 40.72185379)
Lawrence St & Willoughby St,40.69236178,-73.98631746,2655,2683,-28,POINT (-73.98631746 40.69236178)
Lefferts Pl & Franklin Ave,40.680342423,-73.9557689392,1086,1095,-9,POINT (-73.9557689392 40.680342423)
Lenox Ave & W 111 St,40.7987859,-73.9523,4039,4037,2,POINT (-73.9523 40.7987859)
Lenox Ave & W 115 St,40.8011939,-73.9500739,1696,1769,-73,POINT (-73.9500739 40.8011939)
Lenox Ave & W 117 St,40.8025566,-73.9490782,2609,2627,-18,POINT (-73.9490782 40.8025566)
Lenox Ave & W 126 St,40.808442,-73.9452087,3457,3487,-30,POINT (-73.9452087 40.808442)
Lenox Ave & W 130 St,40.8107922,-73.9430681,1521,1538,-17,POINT (-73.9430681 40.8107922)
Lenox Ave & W 133 St,40.81296,-73.941878,1040,1043,-3,POINT (-73.941878 40.81296)
Lenox Ave & W 144 St,40.819783,-73.936521,973,965,8,POINT (-73.936521 40.819783)
Lenox Ave & W 146 St,40.821111,-73.935971,378,364,14,POINT (-73.935971 40.821111)
Leonard St & Boerum St,40.70583339,-73.94644578,934,935,-1,POINT (-73.94644578 40.70583339)
Leonard St & Church St,40.717571,-74.005549,3278,3332,-54,POINT (-74.005549 40.717571)
Leonard St & Maujer St,40.7103685423523,-73.94705951213837,1883,1880,3,POINT (-73.94705951213837 40.7103685423523)
Leonard St & Nassau Ave,40.7239567849954,-73.94984364509583,2035,2039,-4,POINT (-73.94984364509583 40.7239567849954)
Lewis Ave & Decatur St,40.6814598,-73.934903,1260,1276,-16,POINT (-73.934903 40.6814598)
Lewis Ave & Kosciuszko St,40.69237074,-73.93705428,1091,1160,-69,POINT (-73.93705428 40.69237074)
Lewis Ave & Madison St,40.686312,-73.935775,1640,1642,-2,POINT (-73.935775 40.686312)
Lexington Ave & Classon Ave,40.68676793,-73.95928168,1809,1815,-6,POINT (-73.95928168 40.68676793)
Lexington Ave & E 111 St,40.7954121,-73.9441232,1616,1650,-34,POINT (-73.9441232 40.7954121)
Lexington Ave & E 120 St,40.8013066,-73.9398167,998,1006,-8,POINT (-73.9398167 40.8013066)
Lexington Ave & E 127 St,40.805726,-73.936322,420,447,-27,POINT (-73.936322 40.805726)
Lexington Ave & E 128 St,40.806414,-73.936085,494,477,17,POINT (-73.936085 40.806414)
Lexington Ave & E 26 St,40.741459,-73.983293,7979,7655,324,POINT (-73.983293 40.741459)
Lexington Ave & E 29 St,40.74311555376486,-73.98215353488922,4311,4305,6,POINT (-73.98215353488922 40.74311555376486)
Lexington Ave & E 36 St,40.7475739589548,-73.9788007736206,3469,3432,37,POINT (-73.9788007736206 40.7475739589548)
Liberty St & Nassau St,40.70858894240581,-74.00935482235809,1512,1560,-48,POINT (-74.00935482235809 40.70858894240581)
Lincoln Ave & E 134 St,40.808484,-73.928803,276,267,9,POINT (-73.928803 40.808484)
Lincoln Ave & E 138 St,40.810893,-73.927311,474,467,7,POINT (-73.927311 40.810893)
Lincoln Pl & Classon Ave,40.6721683,-73.9609,573,534,39,POINT (-73.9609 40.6721683)
Linden St & Knickerbocker Ave,40.69714,-73.91566,262,260,2,POINT (-73.91566 40.69714)
Lispenard St & Broadway,40.71939226,-74.00247214,3830,4034,-204,POINT (-74.00247214 40.71939226)
Little West St & 1 Pl,40.70569254,-74.01677685,7630,7779,-149,POINT (-74.01677685 40.70569254)
Longwood Ave & Southern Blvd,40.816343,-73.896447,173,179,-6,POINT (-73.896447 40.816343)
Lorimer St & Broadway,40.70411791,-73.94818595,506,493,13,POINT (-73.94818595 40.70411791)
Lorimer St & Calyer St,40.72795,-73.95414,1100,1110,-10,POINT (-73.95414 40.72795)
MacDougal St & Prince St,40.72710258,-74.00297088,6203,6182,21,POINT (-74.00297088 40.72710258)
MacDougal St & Washington Sq,40.73226398,-73.99852205,4439,4478,-39,POINT (-73.99852205 40.73226398)
Macombs Pl & W 152 St,40.826406,-73.937948,509,506,3,POINT (-73.937948 40.826406)
Macon St & Nostrand Ave,40.6809833854,-73.9500479759,1465,1482,-17,POINT (-73.9500479759 40.6809833854)
Madison Av & E 51 St,40.75863,-73.97513,2113,2115,-2,POINT (-73.97513 40.75863)
Madison Ave & E 120 St,40.80295,-73.942954,1205,1223,-18,POINT (-73.942954 40.80295)
Madison Ave & E 26 St,40.742684734875695,-73.98671329021454,3156,3063,93,POINT (-73.98671329021454 40.742684734875695)
Madison Ave & E 82 St,40.7781314,-73.96069399,3625,3622,3,POINT (-73.96069399 40.7781314)
Madison Ave & E 99 St,40.78948541553215,-73.95242929458618,2424,2436,-12,POINT (-73.95242929458618 40.78948541553215)
Madison St & Clinton St,40.71269042,-73.98776323,3317,3353,-36,POINT (-73.98776323 40.71269042)
Madison St & Cypress Ave,40.70068,-73.90742,327,331,-4,POINT (-73.90742 40.70068)
Madison St & Evergreen Ave,40.69122,-73.91693,281,261,20,POINT (-73.91693 40.69122)
Madison St & Forest Ave,40.70555,-73.90245,564,578,-14,POINT (-73.90245 40.70555)
Madison St & Montgomery St,40.713126,-73.984844,2390,2438,-48,POINT (-73.984844 40.713126)
Madison St & Seneca Ave,40.70183,-73.90625,369,365,4,POINT (-73.90625 40.70183)
Madison St & Woodward Ave,40.70408,-73.90408,504,505,-1,POINT (-73.90408 40.70408)
Maiden Ln & Pearl St,40.70706456,-74.00731853,2899,2919,-20,POINT (-74.00731853 40.70706456)
Manhattan Av & Leonard St,40.72084,-73.94844,780,772,8,POINT (-73.94844 40.72084)
Marcus Garvey Blvd & Macon St,40.682601,-73.938037,1043,1047,-4,POINT (-73.938037 40.682601)
Marcy Ave & Lafayette Ave,40.6900815,-73.947915,1649,1636,13,POINT (-73.947915 40.6900815)
Market St & Cherry St,40.71076228,-73.99400398,2032,2079,-47,POINT (-73.99400398 40.71076228)
McGuinness Blvd & Eagle St,40.73555,-73.95284,516,538,-22,POINT (-73.95284 40.73555)
McKibbin St & Bogart St,40.706237,-73.933871,1177,1200,-23,POINT (-73.933871 40.706237)
McKibbin St & Manhattan Ave,40.70510918,-73.94407279,1188,1180,8,POINT (-73.94407279 40.70510918)
Melrose Ave & E 150 St,40.816827,-73.917338,634,636,-2,POINT (-73.917338 40.816827)
Melrose Ave & E 154 St,40.819609,-73.916071,135,143,-8,POINT (-73.916071 40.819609)
Melrose St & Broadway,40.697481,-73.935877,1217,1212,5,POINT (-73.935877 40.697481)
Menahan St & Central Ave,40.69543,-73.9196,422,421,1,POINT (-73.9196 40.69543)
Menahan St & Onderdonk Ave,40.70553,-73.9096,380,369,11,POINT (-73.9096 40.70553)
Menahan St & Seneca Ave,40.70461,-73.91054,500,505,-5,POINT (-73.91054 40.70461)
Menahan St & Wyckoff Ave,40.70113,-73.91422,417,412,5,POINT (-73.91422 40.70113)
Mercer St & Bleecker St,40.72706363348306,-73.99662137031554,4609,4891,-282,POINT (-73.99662137031554 40.72706363348306)
Mercer St & Spring St,40.72362738,-73.99949601,4714,5613,-899,POINT (-73.99949601 40.72362738)
Meserole Ave & Manhattan Ave,40.72708584,-73.95299117,1933,1987,-54,POINT (-73.95299117 40.72708584)
Metropolitan Ave & Bedford Ave,40.71534825,-73.96024116,5020,5148,-128,POINT (-73.96024116 40.71534825)
Metropolitan Ave & Meeker Ave,40.71413311,-73.95234386,2169,2280,-111,POINT (-73.95234386 40.71413311)
Metropolitan Ave & Stewart Ave,40.71401,-73.92793,159,160,-1,POINT (-73.92793 40.71401)
Metropolitan Ave & Vandervoort Ave,40.71429,-73.93323,116,136,-20,POINT (-73.93323 40.71429)
Milton St & Franklin St,40.72906,-73.95779,3870,4133,-263,POINT (-73.95779 40.72906)
Moffat St & Bushwick,40.68458,-73.90925,280,282,-2,POINT (-73.90925 40.68458)
Monroe St & Bedford Ave,40.6851443,-73.95380904,1484,1469,15,POINT (-73.95380904 40.6851443)
Monroe St & Classon Ave,40.6845683,-73.95881081,925,938,-13,POINT (-73.95881081 40.6845683)
Monroe St & Tompkins Ave,40.686203,-73.944694,1662,1666,-4,POINT (-73.944694 40.686203)
Montague St & Clinton St,40.694281141397326,-73.99230033159256,2126,2138,-12,POINT (-73.99230033159256 40.694281141397326)
Montgomery St & Franklin Ave,40.666439306870814,-73.9605563879013,455,450,5,POINT (-73.9605563879013 40.666439306870814)
Montrose Ave & Bushwick Ave,40.70767788,-73.94016171,1827,1840,-13,POINT (-73.94016171 40.70767788)
Morgan Ave & Lombardy St,40.72226,-73.93889,695,690,5,POINT (-73.93889 40.72226)
Morgan Ave & Maspeth Ave,40.716657,-73.93637,486,482,4,POINT (-73.93637 40.716657)
Morningside Ave & W 123 St,40.81,-73.9551508,1424,1415,9,POINT (-73.9551508 40.81)
Morningside Dr & Amsterdam Ave,40.81028506306003,-73.95736455917358,426,427,-1,POINT (-73.95736455917358 40.81028506306003)
Morris Ave & E 142 St,40.814469,-73.924963,283,268,15,POINT (-73.924963 40.814469)
Morris Ave & E 153 St,40.820036,-73.921411,280,288,-8,POINT (-73.921411 40.820036)
Morris Ave & E 171 St,40.83899,-73.9109,1,1,0,POINT (-73.9109 40.83899)
Morris Ave & McClellan St,40.831584,-73.9149,260,277,-17,POINT (-73.9149 40.831584)
Motorgate,40.7639089,-73.9477213,2695,2718,-23,POINT (-73.9477213 40.7639089)
Mott St & Prince St,40.72317958,-73.99480012,7147,7143,4,POINT (-73.99480012 40.72317958)
Mt Morris Park W & W 120 St,40.804038,-73.945925,1873,1878,-5,POINT (-73.945925 40.804038)
Murray St & Greenwich St,40.71485150526252,-74.01122331619263,4435,4630,-195,POINT (-74.01122331619263 40.71485150526252)
Murray St & West St,40.7149787,-74.013012,3276,3435,-159,POINT (-74.013012 40.7149787)
Myrtle Ave & Grove St,40.69905,-73.91516,409,410,-1,POINT (-73.91516 40.69905)
Myrtle Ave & Lewis Ave,40.69681963,-73.93756926,780,784,-4,POINT (-73.93756926 40.69681963)
Myrtle Ave & Linden St,40.69943,-73.91337,660,639,21,POINT (-73.91337 40.69943)
Myrtle Ave & Marcy Ave,40.69539817,-73.94954908,1162,1175,-13,POINT (-73.94954908 40.69539817)
Myrtle Ave & St Edwards St,40.69327018,-73.97703874,1444,1431,13,POINT (-73.97703874 40.69327018)
N 11 St & Kent Ave,40.72248188638219,-73.95921930670738,1748,1835,-87,POINT (-73.95921930670738 40.72248188638219)
N 12 St & Bedford Ave,40.72079821,-73.95484712,767,778,-11,POINT (-73.95484712 40.72079821)
N 15 St & Wythe Ave,40.724055,-73.955736,836,836,0,POINT (-73.955736 40.724055)
N 6 St & Bedford Ave,40.71745169,-73.95850939,4277,4267,10,POINT (-73.95850939 40.71745169)
Nassau Ave & Newell St,40.724812564400175,-73.94752621650696,1527,1590,-63,POINT (-73.94752621650696 40.724812564400175)
Nassau Ave & Russell St,40.72557,-73.94434,1901,1908,-7,POINT (-73.94434 40.72557)
Nassau St & Navy St,40.69839895,-73.98068914,1326,1618,-292,POINT (-73.98068914 40.69839895)
Nelson Ave & W 172 St,40.843965,-73.920999,395,385,10,POINT (-73.920999 40.843965)
Newton Rd & 44 St,40.7595701,-73.9142678,1136,1125,11,POINT (-73.9142678 40.7595701)
Newtown Ave & 23 St,40.7713615,-73.9246145,1010,1018,-8,POINT (-73.9246145 40.7713615)
Norfolk St & Broome St,40.7172274,-73.98802084,5884,5938,-54,POINT (-73.98802084 40.7172274)
Norman St & Wyckoff Ave,40.69517,-73.90311,580,573,7,POINT (-73.90311 40.69517)
North Moore St & Greenwich St,40.72019521437465,-74.0103006362915,4786,4883,-97,POINT (-74.0103006362915 40.72019521437465)
Nostrand Ave & Myrtle Ave,40.69527008,-73.95238108,961,974,-13,POINT (-73.95238108 40.69527008)
Ogden Ave & Merriam Ave,40.839142,-73.925961,158,148,10,POINT (-73.925961 40.839142)
Ogden Ave & W 164 St,40.832812,-73.929372,227,210,17,POINT (-73.929372 40.832812)
Ogden Ave & W 165 St,40.834457,-73.928381,312,299,13,POINT (-73.928381 40.834457)
Old Broadway & W 133 St,40.818212,-73.955277,102,104,-2,POINT (-73.955277 40.818212)
Old Fulton St,40.70277159,-73.99383605,4554,4661,-107,POINT (-73.99383605 40.70277159)
Onderdonk Ave & Dekalb Ave,40.70863,-73.91497,261,252,9,POINT (-73.91497 40.70863)
Onderdonk Ave & Gates Ave,40.70413,-73.90737,185,181,4,POINT (-73.90737 40.70413)
Pacific St & Classon Ave,40.6791944,-73.9587903,387,384,3,POINT (-73.9587903 40.6791944)
Pacific St & Nevins St,40.6853761,-73.98302136,1313,1327,-14,POINT (-73.98302136 40.6853761)
Park Ave & E 124 St,40.8045555,-73.9396861,2325,2313,12,POINT (-73.9396861 40.8045555)
Park Ave & E 162 St,40.825716,-73.915585,374,384,-10,POINT (-73.915585 40.825716)
Park Ave & Marcus Garvey Blvd,40.698617,-73.941342,832,834,-2,POINT (-73.941342 40.698617)
Park Ave & St Edwards St,40.69608941,-73.97803415,192,234,-42,POINT (-73.97803415 40.69608941)
Park Pl & Church St,40.71334184275907,-74.00935515761375,2290,2292,-2,POINT (-74.00935515761375 40.71334184275907)
Park Pl & Franklin Ave,40.6741806,-73.9564947,1260,1273,-13,POINT (-73.9564947 40.6741806)
Park Pl & Vanderbilt Ave,40.6767,-73.969024,2149,2156,-7,POINT (-73.969024 40.6767)
Pearl St & Hanover Square,40.7047177,-74.00926027,3729,3753,-24,POINT (-74.00926027 40.7047177)
Pearl St & Peck Slip,40.708485,-74.002751,3499,3561,-62,POINT (-74.002751 40.708485)
Perry St & Bleecker St,40.73535398,-74.00483091,5452,5609,-157,POINT (-74.00483091 40.73535398)
Perry St & Greenwich Ave,40.735918,-74.000939,3284,3288,-4,POINT (-74.000939 40.735918)
Pershing Square North,40.751873,-73.977706,7738,7742,-4,POINT (-73.977706 40.751873)
Pershing Square South,40.751581,-73.97791,4118,3145,973,POINT (-73.97791 40.751581)
Picnic Point,40.68512559515415,-74.02535319328308,2238,2227,11,POINT (-74.02535319328308 40.68512559515415)
Pier 40 - Hudson River Park,40.7277140777778,-74.01129573583603,10935,10927,8,POINT (-74.01129573583603 40.7277140777778)
Pierrepont St & Monroe Pl,40.69535693320225,-73.99344027042389,1471,1462,9,POINT (-73.99344027042389 40.69535693320225)
Pike St & E Broadway,40.71406667,-73.99293911,3567,3575,-8,POINT (-73.99293911 40.71406667)
Pike St & Monroe St,40.71173107,-73.99193043,3323,3356,-33,POINT (-73.99193043 40.71173107)
Pioneer St & Richards St,40.6777748,-74.0094613,397,432,-35,POINT (-74.0094613 40.6777748)
Pioneer St & Van Brunt St,40.679043,-74.011169,1124,1197,-73,POINT (-74.011169 40.679043)
Pitt St & Stanton St,40.71926081,-73.98178024,1309,1313,-4,POINT (-73.98178024 40.71926081)
Plaza St West & Flatbush Ave,40.6750207,-73.97111473,2253,2173,80,POINT (-73.97111473 40.6750207)
Pleasant Ave & E 116 St,40.7949879,-73.9333349,3060,3079,-19,POINT (-73.9333349 40.7949879)
Pleasant Ave & E 120 St,40.7974772,-73.9311847,1113,1115,-2,POINT (-73.9311847 40.7974772)
Powers St & Olive St,40.71323,-73.93894,108,111,-3,POINT (-73.93894 40.71323)
President St & Henry St,40.6828003,-73.99990419,880,980,-100,POINT (-73.99990419 40.6828003)
Prospect Ave & E 151 St,40.814232,-73.903927,374,380,-6,POINT (-73.903927 40.814232)
Prospect Ave & Longwood Ave,40.81899,-73.90202,446,448,-2,POINT (-73.90202 40.81899)
Prospect Park West & 8 St,40.66514681533792,-73.97637605667114,2456,2434,22,POINT (-73.97637605667114 40.66514681533792)
Prospect Pl & 6 Ave,40.6793307,-73.97519523,1115,1110,5,POINT (-73.97519523 40.6793307)
Prospect Pl & Underhill Ave,40.6769694,-73.96579,1009,1003,6,POINT (-73.96579 40.6769694)
Pulaski St & Marcus Garvey Blvd,40.6933982,-73.939877,876,889,-13,POINT (-73.939877 40.6933982)
Putnam Ave & Knickerbocker Ave,40.69545,-73.91164,469,473,-4,POINT (-73.91164 40.69545)
Putnam Ave & Nostrand Ave,40.68402,-73.94977,797,791,6,POINT (-73.94977 40.68402)
Putnam Ave & Throop Ave,40.6851532,-73.94111,1158,1164,-6,POINT (-73.94111 40.6851532)
Putnam Ave & Wyckoff Ave,40.69811,-73.90904,548,543,5,POINT (-73.90904 40.69811)
Queens Plaza North & Crescent St,40.75110165,-73.94073717,4868,4902,-34,POINT (-73.94073717 40.75110165)
Railroad Ave & Kay Ave,40.70531194,-73.97100056,95,99,-4,POINT (-73.97100056 40.70531194)
Reade St & Broadway,40.71450451,-74.00562789,2493,2511,-18,POINT (-74.00562789 40.71450451)
Richards St & Delavan St,40.6794327,-74.00785041,307,331,-24,POINT (-74.00785041 40.6794327)
Richardson St & N Henry St,40.71907891179564,-73.94223690032959,1127,1131,-4,POINT (-73.94223690032959 40.71907891179564)
River Ave & E 153 St,40.82441,-73.92818,471,474,-3,POINT (-73.92818 40.82441)
River Ave & McClellan St,40.83406,-73.92243,72,78,-6,POINT (-73.92243 40.83406)
Riverside Blvd & W 67 St,40.777507027547976,-73.98888587951659,5534,5537,-3,POINT (-73.98888587951659 40.777507027547976)
Riverside Dr & W 104 St,40.8013434,-73.9711457439,3638,3656,-18,POINT (-73.9711457439 40.8013434)
Riverside Dr & W 138 St,40.823168,-73.955857,1292,1297,-5,POINT (-73.955857 40.823168)
Riverside Dr & W 145 St,40.827305,-73.951989,908,906,2,POINT (-73.951989 40.827305)
Riverside Dr & W 148 St,40.829114,-73.950426,1266,1264,2,POINT (-73.950426 40.829114)
Riverside Dr & W 72 St,40.78057799010334,-73.98562431335449,4910,4911,-1,POINT (-73.98562431335449 40.78057799010334)
Riverside Dr & W 78 St,40.78414472,-73.98362492,3491,3496,-5,POINT (-73.98362492 40.78414472)
Riverside Dr & W 82 St,40.78720869,-73.98128127,3051,3068,-17,POINT (-73.98128127 40.78720869)
Riverside Dr & W 91 St,40.79313480986663,-73.97700369358063,3184,3186,-2,POINT (-73.97700369358063 40.79313480986663)
Rivington St & Chrystie St,40.72110063,-73.9919254,3702,4380,-678,POINT (-73.9919254 40.72110063)
Rivington St & Ridge St,40.71850211,-73.98329859,4133,4122,11,POINT (-73.98329859 40.71850211)
Rockaway Ave & Bainbridge St,40.68319988172761,-73.91166642308235,1045,1056,-11,POINT (-73.91166642308235 40.68319988172761)
Roebling St & N 4 St,40.71469,-73.95739,3597,3603,-6,POINT (-73.95739 40.71469)
Rogers Ave & Sterling St,40.6630619,-73.9538746,1464,1496,-32,POINT (-73.9538746 40.6630619)
Roosevelt Island Tramway,40.757284,-73.9536,2769,2763,6,POINT (-73.9536 40.757284)
S 3 St & Bedford Ave,40.71260486,-73.96264403,4241,4246,-5,POINT (-73.96264403 40.71260486)
S 4 St & Rodney St,40.70934,-73.95608,2129,2135,-6,POINT (-73.95608 40.70934)
S 4 St & Wythe Ave,40.71285887,-73.96590294,6787,6816,-29,POINT (-73.96590294 40.71285887)
S 5 Pl & S 5 St,40.710451,-73.960876,7592,7693,-101,POINT (-73.960876 40.710451)
S Portland Ave & Hanson Pl,40.68539567,-73.97431458,1528,1529,-1,POINT (-73.97431458 40.68539567)
Sands St Gate,40.699569,-73.979827,1430,1432,-2,POINT (-73.979827 40.699569)
Schermerhorn St & Bond St,40.688417427540834,-73.98451656103134,2325,2339,-14,POINT (-73.98451656103134 40.688417427540834)
Schermerhorn St & Court St,40.69102925677968,-73.99183362722397,1712,1752,-40,POINT (-73.99183362722397 40.69102925677968)
Scholes St & Manhattan Ave,40.70870368,-73.9448625,2466,2464,2,POINT (-73.9448625 40.70870368)
Shakespeare Ave & W 169 St,40.839312,-73.922423,218,218,0,POINT (-73.922423 40.839312)
Sharon St & Olive St,40.715353,-73.93856,1691,1693,-2,POINT (-73.93856 40.715353)
Sheridan Ave & E 168 St,40.835334,-73.9154,194,189,5,POINT (-73.9154 40.835334)
Sigourney St & Columbia St,40.67267243410948,-74.0087952464819,523,597,-74,POINT (-74.0087952464819 40.67267243410948)
Smith St & 3 St,40.6787242,-73.99599099,1393,1399,-6,POINT (-73.99599099 40.6787242)
Smith St & 9 St,40.6746957,-73.99785768,1019,1026,-7,POINT (-73.99785768 40.6746957)
Soissons Landing,40.69231660719192,-74.01486575603485,2825,2852,-27,POINT (-74.01486575603485 40.69231660719192)
Somers St & Broadway,40.67945,-73.90474,120,104,16,POINT (-73.90474 40.67945)
South St & Gouverneur Ln,40.70355377,-74.00670227,4718,4720,-2,POINT (-74.00670227 40.70355377)
South St & Whitehall St,40.70122128,-74.01234218,4446,4463,-17,POINT (-74.01234218 40.70122128)
Southern Blvd & Avenue St. John,40.812769,-73.901583,141,142,-1,POINT (-73.901583 40.812769)
Southern Blvd & E 142 St,40.807347437082,-73.90809774398804,52,56,-4,POINT (-73.90809774398804 40.807347437082)
Southern Blvd & E 172 St,40.834124,-73.88955,153,170,-17,POINT (-73.88955 40.834124)
Southern Blvd & Tiffany St,40.818185,-73.894143,68,69,-1,POINT (-73.894143 40.818185)
Southpoint Park,40.75370225419114,-73.95865201950072,1294,1297,-3,POINT (-73.95865201950072 40.75370225419114)
Spruce St & Nassau St,40.71146364,-74.00552427,2901,2915,-14,POINT (-74.00552427 40.71146364)
St Ann's Ave & Westchester Ave,40.815887,-73.911918,163,168,-5,POINT (-73.911918 40.815887)
St James Pl & Oliver St,40.71307916,-73.99851193,2645,2676,-31,POINT (-73.99851193 40.71307916)
St James Pl & Pearl St,40.71117416,-74.00016545,1455,1504,-49,POINT (-74.00016545 40.71117416)
St Johns Pl & Washington Ave,40.6737236,-73.9631611,1564,1452,112,POINT (-73.9631611 40.6737236)
St Marks Pl & 1 Ave,40.72779126,-73.98564945,6220,6216,4,POINT (-73.98564945 40.72779126)
St Marks Pl & 2 Ave,40.7284186,-73.98713956,6153,6270,-117,POINT (-73.98713956 40.7284186)
St Mary's St & Jackson Ave,40.808891,-73.91081,268,276,-8,POINT (-73.91081 40.808891)
St Nicholas Ave & E 134 St,40.816234,-73.948222,1469,1465,4,POINT (-73.948222 40.816234)
St Nicholas Ave & Manhattan Ave,40.809725,-73.953149,2705,2721,-16,POINT (-73.953149 40.809725)
St Nicholas Ave & W 137 St,40.818477,-73.947568,1197,1194,3,POINT (-73.947568 40.818477)
St Nicholas Ave & W 150 St,40.827212,-73.942722,687,689,-2,POINT (-73.942722 40.827212)
St. Ann's Av & Bruckner Blvd,40.803399,-73.919763,266,258,8,POINT (-73.919763 40.803399)
St. Ann's Ave & E 144 St,40.811112,-73.914932,249,243,6,POINT (-73.914932 40.811112)
St. Nicholas Ave & W 126 St,40.8114323,-73.9518776,3136,3141,-5,POINT (-73.9518776 40.8114323)
St. Nicholas Ave & W 155 St,40.830663,-73.941323,472,443,29,POINT (-73.941323 40.830663)
St. Nicholas Ave & W 157 St,40.832314,-73.94102,348,294,54,POINT (-73.94102 40.832314)
St. Nicholas Terrace & Convent Ave,40.821294,-73.947868,317,321,-4,POINT (-73.947868 40.821294)
Stagg St & Morgan Ave,40.710681,-73.93372,544,546,-2,POINT (-73.93372 40.710681)
Stagg St & Union Ave,40.70877084,-73.95095259,3077,3092,-15,POINT (-73.95095259 40.70877084)
Stanhope St & Fairview Ave,40.70998,-73.91116,296,295,1,POINT (-73.91116 40.70998)
Stanton St & Chrystie St,40.72229346,-73.99147535,4675,4832,-157,POINT (-73.99147535 40.72229346)
Stanton St & Mangin St,40.71782143,-73.97628939,2687,2691,-4,POINT (-73.97628939 40.71782143)
Stanton St & Norfolk St,40.720747,-73.986274,4467,4485,-18,POINT (-73.986274 40.720747)
State St & Smith St,40.68926942,-73.98912867,2056,2153,-97,POINT (-73.98912867 40.68926942)
Steinway St & 23 Ave,40.7713937,-73.9077436,1195,1207,-12,POINT (-73.9077436 40.7713937)
Steinway St & 28 Ave,40.7656251,-73.9136695,1948,1953,-5,POINT (-73.9136695 40.7656251)
Stephen St & Seneca Ave,40.6988,-73.9007,127,112,15,POINT (-73.9007 40.6988)
Sterling Pl & Bedford Ave,40.672695,-73.954131,1613,1592,21,POINT (-73.954131 40.672695)
Sterling St & Bedford Ave,40.6627059,-73.9569115,1243,1233,10,POINT (-73.9569115 40.6627059)
Stewart Ave & Johnson Ave,40.70869,-73.92587,297,297,0,POINT (-73.92587 40.70869)
Stockholm St & Wilson Ave,40.699304,-73.923044,1089,1098,-9,POINT (-73.923044 40.699304)
Stuyvesant Walk & 1 Av Loop,40.732339777151054,-73.97898383438587,553,552,1,POINT (-73.97898383438587 40.732339777151054)
Suffolk St & Stanton St,40.72066442,-73.98517977,5530,5516,14,POINT (-73.98517977 40.72066442)
Sullivan Pl & Bedford Ave,40.6642406,-73.9574686,356,361,-5,POINT (-73.9574686 40.6642406)
Sullivan Pl & Franklin Ave,40.66407983678161,-73.96025128666679,514,520,-6,POINT (-73.96025128666679 40.66407983678161)
Sullivan St & Washington Sq,40.73047747,-73.99906065,5067,5191,-124,POINT (-73.99906065 40.73047747)
Suydam St & Broadway,40.69544,-73.93223,959,880,79,POINT (-73.93223 40.69544)
Suydam St & Knickerbocker Ave,40.702013,-73.923769,1831,1847,-16,POINT (-73.923769 40.702013)
Suydam St & St. Nicholas Ave,40.70636,-73.91945,354,350,4,POINT (-73.91945 40.70636)
Throop Ave & Myrtle Ave,40.69622937,-73.94371094,699,707,-8,POINT (-73.94371094 40.69622937)
Tinton Ave & E 165 St,40.824796,-73.90242,98,98,0,POINT (-73.90242 40.824796)
Tompkins Ave & Hopkins St,40.69957608,-73.94708417,773,777,-4,POINT (-73.94708417 40.69957608)
Underhill Ave & Lincoln Pl,40.6740123,-73.9671457,1824,1704,120,POINT (-73.9671457 40.6740123)
Underhill Ave & Pacific St,40.6804836,-73.9646795,1156,1169,-13,POINT (-73.9646795 40.6804836)
Union Ave & Jackson St,40.7160751,-73.952029,1400,1412,-12,POINT (-73.952029 40.7160751)
Union Ave & N 12 St,40.71924,-73.95242,4586,4807,-221,POINT (-73.95242 40.71924)
Union Ave & Wallabout St,40.70029511,-73.95032283,763,775,-12,POINT (-73.95032283 40.70029511)
Union St & 4 Ave,40.6772744,-73.98282002,1556,1566,-10,POINT (-73.98282002 40.6772744)
Union St & Bedford Ave,40.6691783,-73.9554162,791,782,9,POINT (-73.9554162 40.6691783)
Union St & Nevins St,40.67909799721684,-73.98765474557877,858,908,-50,POINT (-73.98765474557877 40.67909799721684)
University Pl & E 14 St,40.734814,-73.992085,8996,9119,-123,POINT (-73.992085 40.734814)
University Pl & E 8 St,40.73143724085228,-73.99490341544151,5662,5741,-79,POINT (-73.99490341544151 40.73143724085228)
Van Brunt St & Van Dyke St,40.6758329439129,-74.01472628116608,1275,1644,-369,POINT (-74.01472628116608 40.6758329439129)
Van Brunt St & Wolcott St,40.6773429,-74.01275056,1012,1035,-23,POINT (-74.01275056 40.6773429)
Van Buren St & Broadway,40.692,-73.92617,794,779,15,POINT (-73.92617 40.692)
Van Sinderen Ave & Truxton St,40.6786,-73.90369,570,576,-6,POINT (-73.90369 40.6786)
Vernon Blvd & 10 St,40.7671863,-73.9373554,1215,1211,4,POINT (-73.9373554 40.7671863)
Vernon Blvd & 30 Rd,40.770845,-73.934171,1450,1462,-12,POINT (-73.934171 40.770845)
Vernon Blvd & 31 Ave,40.7692475,-73.9354504,1152,1151,1,POINT (-73.9354504 40.7692475)
Vernon Blvd & 41 Rd,40.7552433,-73.9485678,1186,1198,-12,POINT (-73.9485678 40.7552433)
Vernon Blvd & 47 Rd,40.7449067,-73.9534573,1517,1518,-1,POINT (-73.9534573 40.7449067)
Vernon Blvd & 50 Ave,40.74232744,-73.95411749,1981,1988,-7,POINT (-73.95411749 40.74232744)
Verona Pl & Fulton St,40.6803560840434,-73.9476791024208,942,951,-9,POINT (-73.9476791024208 40.6803560840434)
Vesey Pl & River Terrace,40.7153379,-74.01658354,5128,5221,-93,POINT (-74.01658354 40.7153379)
W 100 St & Broadway,40.7973721,-73.97041192,4199,4125,74,POINT (-73.97041192 40.7973721)
W 100 St & Manhattan Ave,40.795,-73.9645,3554,3573,-19,POINT (-73.9645 40.795)
W 104 St & Amsterdam Ave,40.79904139288298,-73.96649479866028,1679,1687,-8,POINT (-73.96649479866028 40.79904139288298)
W 106 St & Amsterdam Ave,40.8008363,-73.9664492472,2233,2189,44,POINT (-73.9664492472 40.8008363)
W 106 St & Central Park West,40.7981856,-73.9605909006,3859,3835,24,POINT (-73.9605909006 40.7981856)
W 107 St & Columbus Ave,40.7997568,-73.9621128676,1401,1381,20,POINT (-73.9621128676 40.7997568)
W 11 St & 6 Ave,40.73532427,-73.99800419,3576,3586,-10,POINT (-73.99800419 40.73532427)
W 110 St & Amsterdam Ave,40.802692,-73.96295,2540,2481,59,POINT (-73.96295 40.802692)
W 113 St & Broadway,40.805973,-73.964928,2070,1881,189,POINT (-73.964928 40.805973)
W 116 St & Amsterdam Ave,40.8067581,-73.9607082,1690,1425,265,POINT (-73.9607082 40.8067581)
W 116 St & Broadway,40.8082,-73.9641,1767,1718,49,POINT (-73.9641 40.8082)
W 120 St & Claremont Ave,40.8109494,-73.9634,1530,1283,247,POINT (-73.9634 40.8109494)
W 129 St & Convent Ave,40.814394437915816,-73.95324736833572,620,622,-2,POINT (-73.95324736833572 40.814394437915816)
W 13 St & 5 Ave,40.735445,-73.99431,4272,4270,2,POINT (-73.99431 40.735445)
W 13 St & 7 Ave,40.73781509,-73.99994661,4480,4486,-6,POINT (-73.99994661 40.73781509)
W 133 St & 12 Ave,40.820003,-73.959089,1529,1527,2,POINT (-73.959089 40.820003)
W 135 St & Lenox Terrace Pl,40.813619,-73.939336,961,963,-2,POINT (-73.939336 40.813619)
W 140 St & Riverside Dr,40.824013,-73.954743,398,385,13,POINT (-73.954743 40.824013)
W 144 St & Adam Clayton Powell Blvd,40.820877,-73.939249,829,808,21,POINT (-73.939249 40.820877)
W 145 St & Amsterdam Ave,40.825244,-73.947257,669,655,14,POINT (-73.947257 40.825244)
W 146 St & Broadway,40.826969,-73.949738,1004,894,110,POINT (-73.949738 40.826969)
W 147 St & Adam Clayton Powell Blvd,40.82281,-73.937413,731,720,11,POINT (-73.937413 40.82281)
W 148 St & Amsterdam Ave,40.827075,-73.945909,637,597,40,POINT (-73.945909 40.827075)
W 15 St & 10 Ave,40.74275382865903,-74.00747358798981,4878,5012,-134,POINT (-74.00747358798981 40.74275382865903)
W 15 St & 6 Ave,40.738046142482766,-73.99642959237099,6714,6694,20,POINT (-73.99642959237099 40.738046142482766)
W 15 St & 7 Ave,40.73935542,-73.99931783,7123,7130,-7,POINT (-73.99931783 40.73935542)
W 155 St & Frederick Douglass Blvd,40.82923,-73.936996,424,416,8,POINT (-73.936996 40.82923)
W 159 St & Edgecombe Ave,40.833303,-73.939326,84,90,-6,POINT (-73.939326 40.833303)
W 16 St & The High Line,40.74334935,-74.00681753,3232,3308,-76,POINT (-74.00681753 40.74334935)
W 160 St & St. Nicholas Ave,40.834468,-73.939865,434,415,19,POINT (-73.939865 40.834468)
W 163 St & Edgecombe Ave,40.835798,-73.937496,103,104,-1,POINT (-73.937496 40.835798)
W 163 St & Riverside Dr,40.839278,-73.945446,343,314,29,POINT (-73.945446 40.839278)
W 165 St & Fort Washington Ave,40.84004,-73.942939,805,756,49,POINT (-73.942939 40.84004)
W 169 St & Fort Washington Ave,40.8428422,-73.9421253,2037,1436,601,POINT (-73.9421253 40.8428422)
W 17 St & 8 Ave,40.74177603,-74.00149746,6185,6198,-13,POINT (-74.00149746 40.74177603)
W 170 St & University Ave,40.84207,-73.926075,361,331,30,POINT (-73.926075 40.84207)
W 171 St & St. Nicholas Ave,40.842941,-73.938631,356,331,25,POINT (-73.938631 40.842941)
W 18 St & 9 Ave,40.7435337324616,-74.00367558002472,1954,1827,127,POINT (-74.00367558002472 40.7435337324616)
W 180 St & Ft Washington Ave,40.849972,-73.938423,1209,1194,15,POINT (-73.938423 40.849972)
W 181 St & Riverside Dr,40.85168,-73.94186,358,364,-6,POINT (-73.94186 40.85168)
W 20 St & 10 Ave,40.745686,-74.005141,1086,1124,-38,POINT (-74.005141 40.745686)
W 20 St & 11 Ave,40.746745,-74.007756,4730,4804,-74,POINT (-74.007756 40.746745)
W 20 St & 7 Ave,40.74238787,-73.99726235,5227,5233,-6,POINT (-73.99726235 40.74238787)
W 20 St & 8 Ave,40.74345335,-74.00004031,5652,5676,-24,POINT (-74.00004031 40.74345335)
W 21 St & 6 Ave,40.74173969,-73.99415556,13875,13967,-92,POINT (-73.99415556 40.74173969)
W 22 St & 10 Ave,40.74691959,-74.00451887,8517,8637,-120,POINT (-74.00451887 40.74691959)
W 22 St & 8 Ave,40.74475148,-73.99915362,6734,6768,-34,POINT (-73.99915362 40.74475148)
W 24 St & 7 Ave,40.74487634,-73.99529885,7719,7630,89,POINT (-73.99529885 40.74487634)
W 25 St & 6 Ave,40.74395411,-73.99144871,5389,5391,-2,POINT (-73.99144871 40.74395411)
W 26 St & 10 Ave,40.749717753,-74.002950346,3773,3832,-59,POINT (-74.002950346 40.749717753)
W 26 St & 8 Ave,40.74734825,-73.99723551,6361,6242,119,POINT (-73.99723551 40.74734825)
W 27 St & 7 Ave,40.746647,-73.993915,5214,5133,81,POINT (-73.993915 40.746647)
W 30 St & 10 Ave,40.752694,-74.002353,6954,6991,-37,POINT (-74.002353 40.752694)
W 31 St & 7 Ave,40.749156,-73.9916,5420,5429,-9,POINT (-73.9916 40.749156)
W 33 St & 7 Ave,40.75019995,-73.99093085,6375,6305,70,POINT (-73.99093085 40.75019995)
W 34 St & 11 Ave,40.75594159,-74.0021163,5704,5715,-11,POINT (-74.0021163 40.75594159)
W 35 St & Dyer Ave,40.754691750226016,-73.99740189313889,3603,3504,99,POINT (-73.99740189313889 40.754691750226016)
W 36 St & 9 Ave,40.75462324029105,-73.99516761302948,381,393,-12,POINT (-73.99516761302948 40.75462324029105)
W 37 St & 10 Ave,40.75660359,-73.9979009,5961,5853,108,POINT (-73.9979009 40.75660359)
W 37 St & 5 Ave,40.75038009,-73.98338988,3244,3219,25,POINT (-73.98338988 40.75038009)
W 4 St & 7 Ave S,40.73401143,-74.00293877,7577,7712,-135,POINT (-74.00293877 40.73401143)
W 40 St & 5 Ave,40.752269,-73.982079,3779,3735,44,POINT (-73.982079 40.752269)
W 41 St & 8 Ave,40.75640548,-73.9900262,6631,6200,431,POINT (-73.9900262 40.75640548)
W 42 St & 6 Ave,40.75492,-73.98455,4010,3991,19,POINT (-73.98455 40.75492)
W 42 St & 8 Ave,40.7575699,-73.99098507,4246,4266,-20,POINT (-73.99098507 40.7575699)
W 42 St & Dyer Ave,40.75898481399634,-73.99379968643188,3684,3599,85,POINT (-73.99379968643188 40.75898481399634)
W 43 St & 10 Ave,40.76009437,-73.99461843,7129,6549,580,POINT (-73.99461843 40.76009437)
W 44 St & 5 Ave,40.75500254,-73.98014437,3059,3149,-90,POINT (-73.98014437 40.75500254)
W 45 St & 6 Ave,40.7568001,-73.98291153,3059,3025,34,POINT (-73.98291153 40.7568001)
W 45 St & 8 Ave,40.75929124,-73.98859651,3710,3706,4,POINT (-73.98859651 40.75929124)
W 46 St & 11 Ave,40.76341379,-73.99667444,4751,4756,-5,POINT (-73.99667444 40.76341379)
W 47 St & 10 Ave,40.76269882,-73.99301222,5954,5954,0,POINT (-73.99301222 40.76269882)
W 47 St & 6 Ave,40.758397,-73.98255,1890,1871,19,POINT (-73.98255 40.758397)
W 48 St & Rockefeller Plaza,40.75793646243674,-73.97960275411606,1914,1930,-16,POINT (-73.97960275411606 40.75793646243674)
W 49 St & 8 Ave,40.76227205,-73.98788205,6695,6113,582,POINT (-73.98788205 40.76227205)
W 50 St & 9 Ave,40.76360467795863,-73.98917958140373,5313,5300,13,POINT (-73.98917958140373 40.76360467795863)
W 51 St & Rockefeller Plaza,40.75969995906254,-73.97808194160461,1827,1820,7,POINT (-73.97808194160461 40.75969995906254)
W 52 St & 11 Ave,40.76727216,-73.99392888,108,115,-7,POINT (-73.99392888 40.76727216)
W 52 St & 6 Ave,40.76132983124814,-73.97982001304626,3379,3324,55,POINT (-73.97982001304626 40.76132983124814)
W 53 St & 10 Ave,40.76669671,-73.99061728,8148,8139,9,POINT (-73.99061728 40.76669671)
W 54 St & 9 Ave,40.76584941,-73.98690506,4215,4162,53,POINT (-73.98690506 40.76584941)
W 55 St & 6 Ave,40.763189,-73.978434,5025,5023,2,POINT (-73.978434 40.763189)
W 56 St & 10 Ave,40.768254,-73.988639,4070,4071,-1,POINT (-73.988639 40.768254)
W 59 St & 10 Ave,40.770513,-73.988038,5131,4434,697,POINT (-73.988038 40.770513)
W 63 St & Broadway,40.77163851,-73.98261428,4926,4661,265,POINT (-73.98261428 40.77163851)
W 64 St & Thelonious Monk Circle,40.77515953434235,-73.98918695747852,3757,3703,54,POINT (-73.98918695747852 40.77515953434235)
W 67 St & Broadway,40.77492513,-73.98266566,4048,4084,-36,POINT (-73.98266566 40.77492513)
W 70 St & Amsterdam Ave,40.77748046,-73.98288594,4934,4968,-34,POINT (-73.98288594 40.77748046)
W 74 St & Columbus Ave,40.7785669,-73.97754961,3071,3077,-6,POINT (-73.97754961 40.7785669)
W 76 St & Columbus Ave,40.7801839724239,-73.97728532552719,3257,2985,272,POINT (-73.97728532552719 40.7801839724239)
W 78 St & Amsterdam Ave,40.782535857724106,-73.97908508777618,4568,4573,-5,POINT (-73.97908508777618 40.782535857724106)
W 82 St & Central Park West,40.78275,-73.97137,1627,1628,-1,POINT (-73.97137 40.78275)
W 84 St & Broadway,40.7867947,-73.977112,3167,2723,444,POINT (-73.977112 40.7867947)
W 84 St & Columbus Ave,40.78499979,-73.97283406,4571,4270,301,POINT (-73.97283406 40.78499979)
W 87 St & Amsterdam Ave,40.78839,-73.9747,2401,2422,-21,POINT (-73.9747 40.78839)
W 87 St & West End Ave,40.789622,-73.97757,2633,2596,37,POINT (-73.97757 40.789622)
W 89 St & Columbus Ave,40.7882213,-73.97041561,4061,3398,663,POINT (-73.97041561 40.7882213)
W 90 St & Amsterdam Ave,40.79017948095081,-73.97288918495178,2122,2132,-10,POINT (-73.97288918495178 40.79017948095081)
W 92 St & Broadway,40.7921,-73.9739,2172,2114,58,POINT (-73.9739 40.7921)
W 95 St & Broadway,40.7937704,-73.971888,3490,3486,4,POINT (-73.971888 40.7937704)
W Broadway & Spring St,40.72494672359416,-74.00165855884552,4057,4311,-254,POINT (-74.00165855884552 40.72494672359416)
W Broadway & W Houston St,40.726378,-74.000472,3476,3549,-73,POINT (-74.000472 40.726378)
Wadsworth Ave & W 175 St,40.846052,-73.937648,325,317,8,POINT (-73.937648 40.846052)
Wadsworth Ave & W 179 St,40.848467,-73.936064,782,602,180,POINT (-73.936064 40.848467)
Wales Ave & E 147 St,40.811314,-73.907729,265,266,-1,POINT (-73.907729 40.811314)
Wall St & South St,40.70437,-74.00637,4277,4434,-157,POINT (-74.00637 40.70437)
Walnut Ave & E 136 St,40.801657,-73.909513,131,127,4,POINT (-73.909513 40.801657)
Walton Ave & E 168 St,40.83649,-73.918316,187,200,-13,POINT (-73.918316 40.83649)
Warren St & Court St,40.686371,-73.99383324,1247,1265,-18,POINT (-73.99383324 40.686371)
Washington Ave & Greene Ave,40.68650065,-73.96563307,1320,1331,-11,POINT (-73.96563307 40.68650065)
Washington Ave & Park Ave,40.69610226,-73.96751037,1431,1439,-8,POINT (-73.96751037 40.69610226)
Washington Park,40.6917823,-73.9737299,2075,2079,-4,POINT (-73.9737299 40.6917823)
Washington Pl & 6 Ave,40.73224119,-74.00026394,4638,4652,-14,POINT (-74.00026394 40.73224119)
Washington Pl & Broadway,40.72903917,-73.99404649,3849,3870,-21,POINT (-73.99404649 40.72903917)
Washington St & Gansevoort St,40.739323,-74.008119,6199,6617,-418,POINT (-74.008119 40.739323)
Water - Whitehall Plaza,40.70255065,-74.0127234,1673,1739,-66,POINT (-74.0127234 40.70255065)
Waterbury St & Stagg St,40.71019,-73.93734,613,608,5,POINT (-73.93734 40.71019)
Watts St & Greenwich St,40.72405549,-74.00965965,3684,3672,12,POINT (-74.00965965 40.72405549)
West Drive & Prospect Park West,40.6610633719006,-73.97945255041122,5816,5850,-34,POINT (-73.97945255041122 40.6610633719006)
West End Ave & W 107 St,40.8021174,-73.9681805305,2132,2019,113,POINT (-73.9681805305 40.8021174)
West End Ave & W 60 St,40.77237,-73.99005,5040,5022,18,POINT (-73.99005 40.77237)
West End Ave & W 78 St,40.783786,-73.981687,792,702,90,POINT (-73.981687 40.783786)
West End Ave & W 94 St,40.7941654,-73.974124,3129,3129,0,POINT (-73.974124 40.7941654)
West St & Chambers St,40.71754834,-74.01322069,13225,13783,-558,POINT (-74.01322069 40.71754834)
West St & Liberty St,40.711444,-74.014847,10699,10788,-89,POINT (-74.014847 40.711444)
West Thames St,40.70834698,-74.01713445,5724,5747,-23,POINT (-74.01713445 40.70834698)
Westchester Ave & E 156 St,40.817802,-73.905203,180,177,3,POINT (-73.905203 40.817802)
Westchester Ave & Jackson Ave,40.816124,-73.908116,352,352,0,POINT (-73.908116 40.816124)
Westchester Ave & Longwood Ave,40.819701,-73.901311,250,256,-6,POINT (-73.901311 40.819701)
White St & Johnson Ave,40.707174,-73.93581,229,235,-6,POINT (-73.93581 40.707174)
White St & Moore St,40.704508,-73.9351,987,1008,-21,POINT (-73.9351 40.704508)
William St & Pine St,40.70717936,-74.00887308,3767,3822,-55,POINT (-74.00887308 40.70717936)
Willis Ave & Bruckner Blvd,40.805701,-73.925177,434,426,8,POINT (-73.925177 40.805701)
Willis Ave & E 137 St,40.808384,-73.923604,494,495,-1,POINT (-73.923604 40.808384)
Willis Ave & E 141 St,40.81093,-73.921606,476,464,12,POINT (-73.921606 40.81093)
Willis Ave & E 143 St,40.812299,-73.92037,204,189,15,POINT (-73.92037 40.812299)
Willoughby Ave & Hall St,40.69196035,-73.96536851,1651,1605,46,POINT (-73.96536851 40.69196035)
Willoughby Ave & Myrtle Ave,40.69757,-73.93098,1346,1367,-21,POINT (-73.93098 40.69757)
Willoughby Ave & Onderdonk Ave,40.7098,-73.91727,249,240,9,POINT (-73.91727 40.7098)
Willoughby Ave & Tompkins Ave,40.69425403,-73.94626915,1314,1327,-13,POINT (-73.94626915 40.69425403)
Willoughby Ave & Walworth St,40.69331716,-73.95381995,1544,1554,-10,POINT (-73.95381995 40.69331716)
Willoughby Ave & Wyckoff Ave,40.705614,-73.92153,828,823,5,POINT (-73.92153 40.705614)
Willoughby St & Ashland Pl,40.69178,-73.97877,723,721,2,POINT (-73.97877 40.69178)
Willoughby St & Fleet St,40.69196566,-73.9813018,1830,1828,2,POINT (-73.9813018 40.69196566)
Willow Ave & E 133 St,40.800933,-73.913863,659,665,-6,POINT (-73.913863 40.800933)
Wilson Ave & Moffat St,40.68906,-73.90506,401,398,3,POINT (-73.90506 40.68906)
Wilson Ave & Troutman St,40.70166,-73.92754,925,875,50,POINT (-73.92754 40.70166)
Withers St & Kingsland Ave,40.71773,-73.94051,751,755,-4,POINT (-73.94051 40.71773)
Wolcott St & Dwight St,40.6753274,-74.0100698,18,31,-13,POINT (-74.0100698 40.6753274)
Woodward Ave & Harman St,40.70793,-73.91092,323,305,18,POINT (-73.91092 40.70793)
Wyckoff Av & Jefferson St,40.707165,-73.923711,767,766,1,POINT (-73.923711 40.707165)
Wyckoff Av & Stanhope St,40.703545,-73.917775,1036,1038,-2,POINT (-73.917775 40.703545)
Wyckoff St & Nevins St,40.683426,-73.984275,1172,1193,-21,POINT (-73.984275 40.683426)
Wythe Ave & Metropolitan Ave,40.716887,-73.963198,4234,4304,-70,POINT (-73.963198 40.716887)
Yankee Ferry Terminal,40.686931,-74.016966,2416,2442,-26,POINT (-74.016966 40.686931)
